[2024-11-29 23:13:54,686: INFO/MainProcess] Connected to redis://localhost:6379/1
[2024-11-29 23:13:54,690: INFO/MainProcess] mingle: searching for neighbors
[2024-11-29 23:13:55,702: INFO/MainProcess] mingle: all alone
[2024-11-29 23:13:55,713: INFO/MainProcess] celery@LAPTOP-MGN1GIK2 ready.
[2024-11-29 23:14:04,845: INFO/MainProcess] Task tasks.email_tasks.export_all_service_requests[1d7f2b69-818b-4dd4-a695-68a9893b6d68] received
[2024-11-29 23:14:04,900: INFO/ForkPoolWorker-7] Task tasks.email_tasks.export_all_service_requests[1d7f2b69-818b-4dd4-a695-68a9893b6d68] succeeded in 0.051863830000002054s: './static/service_requests_export_20241129_231404_b8d98958-9fae-4bf1-ad31-8dbf996cc86b.csv'
[2024-11-29 23:14:14,052: INFO/MainProcess] Task tasks.email_tasks.export_all_service_requests[468dcc92-133c-4ce5-9949-5b3d60880309] received
[2024-11-29 23:14:14,060: INFO/ForkPoolWorker-7] Task tasks.email_tasks.export_all_service_requests[468dcc92-133c-4ce5-9949-5b3d60880309] succeeded in 0.0073239020002802135s: './static/service_requests_export_20241129_231414_4dff3895-e301-4533-92f3-dc160f865c43.csv'
[2024-11-29 23:14:14,553: INFO/MainProcess] Task tasks.email_tasks.export_all_service_requests[d9a24ea0-5d95-4cf5-bcec-27c813fb7d77] received
[2024-11-29 23:14:14,562: INFO/ForkPoolWorker-7] Task tasks.email_tasks.export_all_service_requests[d9a24ea0-5d95-4cf5-bcec-27c813fb7d77] succeeded in 0.007464289999916218s: './static/service_requests_export_20241129_231414_c0ca6760-975a-47a7-9f45-a4614ac4bec0.csv'
[2024-11-29 23:25:21,657: INFO/MainProcess] Task tasks.email_tasks.export_all_service_requests[08ae4368-3b67-499a-a903-0c774624369c] received
[2024-11-29 23:25:21,955: INFO/ForkPoolWorker-7] Task tasks.email_tasks.export_all_service_requests[08ae4368-3b67-499a-a903-0c774624369c] succeeded in 0.20799061700017774s: './static/service_requests_export_20241129_232521_1579cbf6-eb6f-49fb-a0c5-e7504b016011.csv'
[2024-11-29 23:25:35,069: INFO/MainProcess] Task tasks.email_tasks.export_all_service_requests[7bcd0990-c24e-4ebd-98c1-0c1d00a665cf] received
[2024-11-29 23:25:35,079: INFO/ForkPoolWorker-7] Task tasks.email_tasks.export_all_service_requests[7bcd0990-c24e-4ebd-98c1-0c1d00a665cf] succeeded in 0.00772003199926985s: './static/service_requests_export_20241129_232535_0924ab22-9a43-4dbd-a045-b94f2ac7f26a.csv'
[2024-11-29 23:25:40,522: INFO/MainProcess] Task tasks.email_tasks.export_all_service_requests[2f75c486-c322-41cb-b277-ee02838c3da6] received
[2024-11-29 23:25:40,540: INFO/ForkPoolWorker-7] Task tasks.email_tasks.export_all_service_requests[2f75c486-c322-41cb-b277-ee02838c3da6] succeeded in 0.006562182999914512s: './static/service_requests_export_20241129_232540_dda02ebc-07ec-4ac2-8ea1-f6ea2eae8796.csv'
[2024-11-30 00:28:35,525: INFO/MainProcess] Task tasks.email_tasks.export_all_service_requests[54b2924e-62b1-47e9-910b-d7ee23e9bb21] received
[2024-11-30 00:28:35,980: INFO/ForkPoolWorker-7] Task tasks.email_tasks.export_all_service_requests[54b2924e-62b1-47e9-910b-d7ee23e9bb21] succeeded in 0.31616845699863916s: './static/service_requests_export_20241130_002835_70a2af78-04c9-4a5a-a1da-59738d582306.csv'
[2024-11-30 01:16:44,711: INFO/MainProcess] Task tasks.email_tasks.export_all_service_requests[9be44d92-b0f6-4a50-b519-6fc146553e48] received
[2024-11-30 01:16:44,839: INFO/ForkPoolWorker-7] Task tasks.email_tasks.export_all_service_requests[9be44d92-b0f6-4a50-b519-6fc146553e48] succeeded in 0.0760268449994328s: './static/service_requests_export_20241130_011644_01b94608-8542-4d4e-8e17-859ed665ac75.csv'
[2024-12-03 21:06:49,985: INFO/MainProcess] Connected to redis://localhost:6379/1
[2024-12-03 21:06:49,992: INFO/MainProcess] mingle: searching for neighbors
[2024-12-03 21:06:50,999: INFO/MainProcess] mingle: all alone
[2024-12-03 21:06:51,007: INFO/MainProcess] celery@LAPTOP-MGN1GIK2 ready.
[2024-12-03 21:07:02,390: INFO/MainProcess] Task tasks.email_tasks.export_all_service_requests[35b3981c-c4a8-426a-b85c-0fe74a2b2fbb] received
[2024-12-03 21:07:02,432: INFO/ForkPoolWorker-7] Task tasks.email_tasks.export_all_service_requests[35b3981c-c4a8-426a-b85c-0fe74a2b2fbb] succeeded in 0.03973502099999848s: './static/service_requests_export_20241203_210702_52519167-7e1c-4d53-90b5-cb752b11228f.csv'
[2024-12-03 21:07:11,740: INFO/MainProcess] Task tasks.email_tasks.notify_professionals_of_pending_requests[955f96ff-65ab-4acb-b09a-871a4018a7b4] received
[2024-12-03 21:07:11,765: INFO/ForkPoolWorker-7] Task tasks.email_tasks.notify_professionals_of_pending_requests[955f96ff-65ab-4acb-b09a-871a4018a7b4] succeeded in 0.022429359000000204s: 'Emails sent to professionals with pending requests.'
[2024-12-03 21:07:26,737: INFO/MainProcess] Task tasks.email_tasks.notify_professionals_of_pending_requests[c15c869d-85b7-42aa-bd35-fbccfa968a2c] received
[2024-12-03 21:07:26,754: INFO/ForkPoolWorker-7] Task tasks.email_tasks.notify_professionals_of_pending_requests[c15c869d-85b7-42aa-bd35-fbccfa968a2c] succeeded in 0.014997575999998958s: 'Emails sent to professionals with pending requests.'
[2024-12-03 21:07:41,742: INFO/MainProcess] Task tasks.email_tasks.notify_professionals_of_pending_requests[8f1da0ee-38e4-4874-92db-6a05ee0e53bd] received
[2024-12-03 21:07:41,759: INFO/ForkPoolWorker-7] Task tasks.email_tasks.notify_professionals_of_pending_requests[8f1da0ee-38e4-4874-92db-6a05ee0e53bd] succeeded in 0.014259545000001594s: 'Emails sent to professionals with pending requests.'
[2024-12-03 21:07:56,749: INFO/MainProcess] Task tasks.email_tasks.notify_professionals_of_pending_requests[1650ce4d-70ed-4fe6-aae4-28a7286467d9] received
[2024-12-03 21:07:56,764: INFO/ForkPoolWorker-7] Task tasks.email_tasks.notify_professionals_of_pending_requests[1650ce4d-70ed-4fe6-aae4-28a7286467d9] succeeded in 0.01217991099998983s: 'Emails sent to professionals with pending requests.'
[2024-12-03 21:08:11,755: INFO/MainProcess] Task tasks.email_tasks.notify_professionals_of_pending_requests[07317f21-7dff-4ca6-ab96-960bce8076fc] received
[2024-12-03 21:08:11,771: INFO/ForkPoolWorker-7] Task tasks.email_tasks.notify_professionals_of_pending_requests[07317f21-7dff-4ca6-ab96-960bce8076fc] succeeded in 0.01396104500000206s: 'Emails sent to professionals with pending requests.'
[2024-12-03 21:08:26,759: INFO/MainProcess] Task tasks.email_tasks.notify_professionals_of_pending_requests[0b009836-44e1-4db9-9c35-99524c58cd33] received
[2024-12-03 21:08:26,769: INFO/ForkPoolWorker-7] Task tasks.email_tasks.notify_professionals_of_pending_requests[0b009836-44e1-4db9-9c35-99524c58cd33] succeeded in 0.00870782900000222s: 'Emails sent to professionals with pending requests.'
[2024-12-03 21:08:41,765: INFO/MainProcess] Task tasks.email_tasks.notify_professionals_of_pending_requests[c733fff3-34dd-482d-8f12-64ab0564fb91] received
[2024-12-03 21:08:41,775: INFO/ForkPoolWorker-7] Task tasks.email_tasks.notify_professionals_of_pending_requests[c733fff3-34dd-482d-8f12-64ab0564fb91] succeeded in 0.008505157000001873s: 'Emails sent to professionals with pending requests.'
[2024-12-03 21:08:56,771: INFO/MainProcess] Task tasks.email_tasks.notify_professionals_of_pending_requests[61ba2c92-f99e-4dc0-861d-9492034323d5] received
[2024-12-03 21:08:56,788: INFO/ForkPoolWorker-7] Task tasks.email_tasks.notify_professionals_of_pending_requests[61ba2c92-f99e-4dc0-861d-9492034323d5] succeeded in 0.014298999999994066s: 'Emails sent to professionals with pending requests.'
[2024-12-03 21:09:11,778: INFO/MainProcess] Task tasks.email_tasks.notify_professionals_of_pending_requests[459af5ed-6b0f-4b34-ae75-5a7c6052824c] received
[2024-12-03 21:09:11,795: INFO/ForkPoolWorker-7] Task tasks.email_tasks.notify_professionals_of_pending_requests[459af5ed-6b0f-4b34-ae75-5a7c6052824c] succeeded in 0.015021910000001526s: 'Emails sent to professionals with pending requests.'
[2024-12-03 21:09:26,783: INFO/MainProcess] Task tasks.email_tasks.notify_professionals_of_pending_requests[3e906273-7a4f-446d-8be6-e23f777ff779] received
[2024-12-03 21:09:26,797: INFO/ForkPoolWorker-7] Task tasks.email_tasks.notify_professionals_of_pending_requests[3e906273-7a4f-446d-8be6-e23f777ff779] succeeded in 0.012154304000006277s: 'Emails sent to professionals with pending requests.'
[2024-12-03 21:09:41,787: INFO/MainProcess] Task tasks.email_tasks.notify_professionals_of_pending_requests[985408ef-4520-4b2e-bc73-40d56d9b34b4] received
[2024-12-03 21:09:41,800: INFO/ForkPoolWorker-7] Task tasks.email_tasks.notify_professionals_of_pending_requests[985408ef-4520-4b2e-bc73-40d56d9b34b4] succeeded in 0.01142181900002015s: 'Emails sent to professionals with pending requests.'
[2024-12-03 21:09:52,659: INFO/MainProcess] Connected to redis://localhost:6379/1
[2024-12-03 21:09:52,661: INFO/MainProcess] mingle: searching for neighbors
[2024-12-03 21:09:53,670: INFO/MainProcess] mingle: all alone
[2024-12-03 21:09:53,686: INFO/MainProcess] celery@LAPTOP-MGN1GIK2 ready.
[2024-12-03 21:09:55,529: INFO/MainProcess] Task tasks.email_tasks.send_monthly_activity_reports[6502df20-0087-427b-a3f1-63dc7bf41b3d] received
[2024-12-03 21:09:55,673: INFO/ForkPoolWorker-7] Task tasks.email_tasks.send_monthly_activity_reports[6502df20-0087-427b-a3f1-63dc7bf41b3d] succeeded in 0.14018469600000572s: 'Monthly activity reports sent to all users.'
[2024-12-03 21:10:00,522: INFO/MainProcess] Task tasks.email_tasks.send_monthly_activity_reports[e1a6d68e-e257-46a6-9a7a-cbdfb2f08764] received
[2024-12-03 21:10:00,571: INFO/ForkPoolWorker-7] Task tasks.email_tasks.send_monthly_activity_reports[e1a6d68e-e257-46a6-9a7a-cbdfb2f08764] succeeded in 0.04645955299997695s: 'Monthly activity reports sent to all users.'
[2024-12-03 21:10:05,521: INFO/MainProcess] Task tasks.email_tasks.send_monthly_activity_reports[8cfec01e-fbff-4afd-99a3-b2657973f1cc] received
[2024-12-03 21:10:05,563: INFO/ForkPoolWorker-7] Task tasks.email_tasks.send_monthly_activity_reports[8cfec01e-fbff-4afd-99a3-b2657973f1cc] succeeded in 0.039975446000028114s: 'Monthly activity reports sent to all users.'
[2024-12-03 21:10:10,522: INFO/MainProcess] Task tasks.email_tasks.send_monthly_activity_reports[51b02d1c-2982-42be-b336-24fcfbc364a6] received
[2024-12-03 21:10:10,567: INFO/ForkPoolWorker-7] Task tasks.email_tasks.send_monthly_activity_reports[51b02d1c-2982-42be-b336-24fcfbc364a6] succeeded in 0.042146064000007755s: 'Monthly activity reports sent to all users.'
[2024-12-03 21:10:15,522: INFO/MainProcess] Task tasks.email_tasks.send_monthly_activity_reports[af59b97e-19f8-453b-82fa-ce5abc8c6c5b] received
[2024-12-03 21:10:15,561: INFO/ForkPoolWorker-7] Task tasks.email_tasks.send_monthly_activity_reports[af59b97e-19f8-453b-82fa-ce5abc8c6c5b] succeeded in 0.037404158000015286s: 'Monthly activity reports sent to all users.'
[2024-12-03 21:10:20,522: INFO/MainProcess] Task tasks.email_tasks.send_monthly_activity_reports[41226655-3948-45b6-975d-574c24e41e40] received
[2024-12-03 21:10:20,562: INFO/ForkPoolWorker-7] Task tasks.email_tasks.send_monthly_activity_reports[41226655-3948-45b6-975d-574c24e41e40] succeeded in 0.03922667699998783s: 'Monthly activity reports sent to all users.'
[2024-12-03 21:10:25,521: INFO/MainProcess] Task tasks.email_tasks.send_monthly_activity_reports[44172484-c7fe-4258-ae42-f4d0b153f6de] received
[2024-12-03 21:10:25,568: INFO/ForkPoolWorker-7] Task tasks.email_tasks.send_monthly_activity_reports[44172484-c7fe-4258-ae42-f4d0b153f6de] succeeded in 0.04600811799997473s: 'Monthly activity reports sent to all users.'
[2024-12-03 21:10:30,522: INFO/MainProcess] Task tasks.email_tasks.send_monthly_activity_reports[3ff3e8f4-3e9d-4222-9b8f-1cbcbb845264] received
[2024-12-03 21:10:30,568: INFO/ForkPoolWorker-7] Task tasks.email_tasks.send_monthly_activity_reports[3ff3e8f4-3e9d-4222-9b8f-1cbcbb845264] succeeded in 0.04408055400000421s: 'Monthly activity reports sent to all users.'
[2024-12-03 21:10:35,522: INFO/MainProcess] Task tasks.email_tasks.send_monthly_activity_reports[cefdf70d-9164-49f6-b7d4-ef08d64f7649] received
[2024-12-03 21:10:35,572: INFO/ForkPoolWorker-7] Task tasks.email_tasks.send_monthly_activity_reports[cefdf70d-9164-49f6-b7d4-ef08d64f7649] succeeded in 0.04746912199999542s: 'Monthly activity reports sent to all users.'
[2024-12-03 21:10:40,522: INFO/MainProcess] Task tasks.email_tasks.send_monthly_activity_reports[bff7df5f-359f-446f-a044-0b0de13d6dd1] received
[2024-12-03 21:10:40,566: INFO/ForkPoolWorker-7] Task tasks.email_tasks.send_monthly_activity_reports[bff7df5f-359f-446f-a044-0b0de13d6dd1] succeeded in 0.042053866999992806s: 'Monthly activity reports sent to all users.'
[2024-12-03 21:10:45,522: INFO/MainProcess] Task tasks.email_tasks.send_monthly_activity_reports[b47c4dfa-e3b8-47be-ac81-e95b2746d70f] received
[2024-12-03 21:10:45,561: INFO/ForkPoolWorker-7] Task tasks.email_tasks.send_monthly_activity_reports[b47c4dfa-e3b8-47be-ac81-e95b2746d70f] succeeded in 0.03678283600004306s: 'Monthly activity reports sent to all users.'
[2024-12-03 21:10:50,522: INFO/MainProcess] Task tasks.email_tasks.send_monthly_activity_reports[41c2d41a-dd09-4177-9ffb-6a7b6072b57b] received
[2024-12-03 21:10:50,565: INFO/ForkPoolWorker-7] Task tasks.email_tasks.send_monthly_activity_reports[41c2d41a-dd09-4177-9ffb-6a7b6072b57b] succeeded in 0.041441163999991204s: 'Monthly activity reports sent to all users.'
[2024-12-03 21:10:55,522: INFO/MainProcess] Task tasks.email_tasks.send_monthly_activity_reports[ca7a522a-7dce-4845-9266-cb0c6df2228b] received
[2024-12-03 21:10:55,587: INFO/ForkPoolWorker-7] Task tasks.email_tasks.send_monthly_activity_reports[ca7a522a-7dce-4845-9266-cb0c6df2228b] succeeded in 0.06364596399998845s: 'Monthly activity reports sent to all users.'
[2024-12-03 21:11:00,522: INFO/MainProcess] Task tasks.email_tasks.send_monthly_activity_reports[11ebaf66-28bd-4a84-9a7d-24eeb6d1d237] received
[2024-12-03 21:11:00,564: INFO/ForkPoolWorker-7] Task tasks.email_tasks.send_monthly_activity_reports[11ebaf66-28bd-4a84-9a7d-24eeb6d1d237] succeeded in 0.04110179299999572s: 'Monthly activity reports sent to all users.'
[2024-12-03 21:11:05,522: INFO/MainProcess] Task tasks.email_tasks.send_monthly_activity_reports[ca11f55d-2a8c-4578-a003-2a5169650584] received
[2024-12-03 21:11:05,563: INFO/ForkPoolWorker-7] Task tasks.email_tasks.send_monthly_activity_reports[ca11f55d-2a8c-4578-a003-2a5169650584] succeeded in 0.03924375500002952s: 'Monthly activity reports sent to all users.'
[2024-12-03 21:11:10,522: INFO/MainProcess] Task tasks.email_tasks.send_monthly_activity_reports[484f4d17-d7d6-4f54-8e05-7d9af3d3d711] received
[2024-12-03 21:11:10,565: INFO/ForkPoolWorker-7] Task tasks.email_tasks.send_monthly_activity_reports[484f4d17-d7d6-4f54-8e05-7d9af3d3d711] succeeded in 0.0409194750000097s: 'Monthly activity reports sent to all users.'
[2024-12-03 21:11:15,524: INFO/MainProcess] Task tasks.email_tasks.send_monthly_activity_reports[b025347e-69bd-4132-a371-ad3257aef5a4] received
[2024-12-03 21:11:15,581: INFO/ForkPoolWorker-7] Task tasks.email_tasks.send_monthly_activity_reports[b025347e-69bd-4132-a371-ad3257aef5a4] succeeded in 0.05526351600002499s: 'Monthly activity reports sent to all users.'
[2024-12-03 21:11:20,522: INFO/MainProcess] Task tasks.email_tasks.send_monthly_activity_reports[84401cb4-7530-47bc-a837-ec9d408cd2f2] received
[2024-12-03 21:11:20,597: INFO/ForkPoolWorker-7] Task tasks.email_tasks.send_monthly_activity_reports[84401cb4-7530-47bc-a837-ec9d408cd2f2] succeeded in 0.07249708400001964s: 'Monthly activity reports sent to all users.'
[2024-12-03 21:11:25,523: INFO/MainProcess] Task tasks.email_tasks.send_monthly_activity_reports[597d6379-1df3-4e4f-8450-40844dc8d246] received
[2024-12-03 21:11:25,603: INFO/ForkPoolWorker-7] Task tasks.email_tasks.send_monthly_activity_reports[597d6379-1df3-4e4f-8450-40844dc8d246] succeeded in 0.07766296099998726s: 'Monthly activity reports sent to all users.'
[2024-12-03 21:11:30,522: INFO/MainProcess] Task tasks.email_tasks.send_monthly_activity_reports[169cde4b-d341-4594-b40d-02f7439ee796] received
[2024-12-03 21:11:30,587: INFO/ForkPoolWorker-7] Task tasks.email_tasks.send_monthly_activity_reports[169cde4b-d341-4594-b40d-02f7439ee796] succeeded in 0.06319802699999855s: 'Monthly activity reports sent to all users.'
[2024-12-03 21:11:35,523: INFO/MainProcess] Task tasks.email_tasks.send_monthly_activity_reports[fae40c88-e48b-4d83-b9a7-d3999bdd0f4f] received
[2024-12-03 21:11:35,627: INFO/ForkPoolWorker-7] Task tasks.email_tasks.send_monthly_activity_reports[fae40c88-e48b-4d83-b9a7-d3999bdd0f4f] succeeded in 0.1015824099999918s: 'Monthly activity reports sent to all users.'
[2024-12-03 21:11:40,525: INFO/MainProcess] Task tasks.email_tasks.send_monthly_activity_reports[adacc2e8-90d0-41d7-90c9-61f91f763fc4] received
[2024-12-03 21:11:40,590: INFO/ForkPoolWorker-7] Task tasks.email_tasks.send_monthly_activity_reports[adacc2e8-90d0-41d7-90c9-61f91f763fc4] succeeded in 0.06275782400001617s: 'Monthly activity reports sent to all users.'
[2024-12-03 21:11:45,523: INFO/MainProcess] Task tasks.email_tasks.send_monthly_activity_reports[de7f2775-19e4-47e1-87da-c2fec4affd1f] received
[2024-12-03 21:11:45,615: INFO/ForkPoolWorker-7] Task tasks.email_tasks.send_monthly_activity_reports[de7f2775-19e4-47e1-87da-c2fec4affd1f] succeeded in 0.08758194000000685s: 'Monthly activity reports sent to all users.'
[2024-12-03 21:11:50,538: INFO/MainProcess] Task tasks.email_tasks.send_monthly_activity_reports[6cfdcb58-e4ca-4ebb-b0c0-41a346bf1f2c] received
[2024-12-03 21:11:50,696: INFO/ForkPoolWorker-7] Task tasks.email_tasks.send_monthly_activity_reports[6cfdcb58-e4ca-4ebb-b0c0-41a346bf1f2c] succeeded in 0.14360871399998132s: 'Monthly activity reports sent to all users.'
[2024-12-03 21:11:55,523: INFO/MainProcess] Task tasks.email_tasks.send_monthly_activity_reports[16017230-b372-4357-91d6-d29b2027f206] received
[2024-12-03 21:11:55,657: INFO/ForkPoolWorker-7] Task tasks.email_tasks.send_monthly_activity_reports[16017230-b372-4357-91d6-d29b2027f206] succeeded in 0.13069845800004032s: 'Monthly activity reports sent to all users.'
[2024-12-03 21:12:00,523: INFO/MainProcess] Task tasks.email_tasks.send_monthly_activity_reports[98a8456f-8f61-4d64-b9d0-1172226b2eee] received
[2024-12-03 21:12:00,562: INFO/ForkPoolWorker-7] Task tasks.email_tasks.send_monthly_activity_reports[98a8456f-8f61-4d64-b9d0-1172226b2eee] succeeded in 0.03744328499999483s: 'Monthly activity reports sent to all users.'
[2024-12-03 21:12:05,523: INFO/MainProcess] Task tasks.email_tasks.send_monthly_activity_reports[65597995-063e-477e-be66-c9a8719d2c0e] received
[2024-12-03 21:12:05,572: INFO/ForkPoolWorker-7] Task tasks.email_tasks.send_monthly_activity_reports[65597995-063e-477e-be66-c9a8719d2c0e] succeeded in 0.04668683200003443s: 'Monthly activity reports sent to all users.'
[2024-12-03 21:12:10,523: INFO/MainProcess] Task tasks.email_tasks.send_monthly_activity_reports[0883ce0a-9417-407b-8429-1f875266c13e] received
[2024-12-03 21:12:10,579: INFO/ForkPoolWorker-7] Task tasks.email_tasks.send_monthly_activity_reports[0883ce0a-9417-407b-8429-1f875266c13e] succeeded in 0.053139770000029785s: 'Monthly activity reports sent to all users.'
[2024-12-03 21:12:11,809: INFO/MainProcess] Task tasks.email_tasks.notify_professionals_of_pending_requests[6cd680e8-412b-4d15-8b69-90ecbf81fc86] received
[2024-12-03 21:12:12,087: INFO/ForkPoolWorker-7] Task tasks.email_tasks.notify_professionals_of_pending_requests[6cd680e8-412b-4d15-8b69-90ecbf81fc86] succeeded in 0.27168484099996704s: 'Emails sent to professionals with pending requests.'
[2024-12-03 21:12:15,524: INFO/MainProcess] Task tasks.email_tasks.send_monthly_activity_reports[b8fcecb4-d0ef-47cc-993b-df749b19c133] received
[2024-12-03 21:12:15,569: INFO/ForkPoolWorker-7] Task tasks.email_tasks.send_monthly_activity_reports[b8fcecb4-d0ef-47cc-993b-df749b19c133] succeeded in 0.04259242500000937s: 'Monthly activity reports sent to all users.'
[2024-12-03 21:12:20,523: INFO/MainProcess] Task tasks.email_tasks.send_monthly_activity_reports[c04c771b-a150-4665-9fa5-1a1308f43d41] received
[2024-12-03 21:12:20,567: INFO/ForkPoolWorker-7] Task tasks.email_tasks.send_monthly_activity_reports[c04c771b-a150-4665-9fa5-1a1308f43d41] succeeded in 0.04212073100001135s: 'Monthly activity reports sent to all users.'
[2024-12-03 21:12:25,523: INFO/MainProcess] Task tasks.email_tasks.send_monthly_activity_reports[484ddc7d-09d3-4681-a783-ef3a18ddd324] received
[2024-12-03 21:12:25,568: INFO/ForkPoolWorker-7] Task tasks.email_tasks.send_monthly_activity_reports[484ddc7d-09d3-4681-a783-ef3a18ddd324] succeeded in 0.04315477000000101s: 'Monthly activity reports sent to all users.'
[2024-12-03 21:12:30,524: INFO/MainProcess] Task tasks.email_tasks.send_monthly_activity_reports[5e76ff41-b2b5-41e1-9398-c7b578db123a] received
[2024-12-03 21:12:30,571: INFO/ForkPoolWorker-7] Task tasks.email_tasks.send_monthly_activity_reports[5e76ff41-b2b5-41e1-9398-c7b578db123a] succeeded in 0.044962440000006154s: 'Monthly activity reports sent to all users.'
[2024-12-03 21:12:35,523: INFO/MainProcess] Task tasks.email_tasks.send_monthly_activity_reports[d37d4e4e-9a89-46ce-a73f-772694eed460] received
[2024-12-03 21:12:35,575: INFO/ForkPoolWorker-7] Task tasks.email_tasks.send_monthly_activity_reports[d37d4e4e-9a89-46ce-a73f-772694eed460] succeeded in 0.049110916000017824s: 'Monthly activity reports sent to all users.'
[2024-12-03 21:12:40,523: INFO/MainProcess] Task tasks.email_tasks.send_monthly_activity_reports[95703949-e680-4c81-9b4a-0284929093aa] received
[2024-12-03 21:12:40,569: INFO/ForkPoolWorker-7] Task tasks.email_tasks.send_monthly_activity_reports[95703949-e680-4c81-9b4a-0284929093aa] succeeded in 0.043113160000018524s: 'Monthly activity reports sent to all users.'
[2024-12-03 21:12:45,523: INFO/MainProcess] Task tasks.email_tasks.send_monthly_activity_reports[2db7b757-2b78-4d76-ab17-7d7a28c2c316] received
[2024-12-03 21:12:45,568: INFO/ForkPoolWorker-7] Task tasks.email_tasks.send_monthly_activity_reports[2db7b757-2b78-4d76-ab17-7d7a28c2c316] succeeded in 0.04283891599999379s: 'Monthly activity reports sent to all users.'
[2024-12-03 21:12:50,523: INFO/MainProcess] Task tasks.email_tasks.send_monthly_activity_reports[162e21db-4b91-4661-9e0b-c7cb7694b45c] received
[2024-12-03 21:12:50,573: INFO/ForkPoolWorker-7] Task tasks.email_tasks.send_monthly_activity_reports[162e21db-4b91-4661-9e0b-c7cb7694b45c] succeeded in 0.04589608800000633s: 'Monthly activity reports sent to all users.'
[2024-12-03 21:12:55,523: INFO/MainProcess] Task tasks.email_tasks.send_monthly_activity_reports[91d451a3-c94c-4f77-a092-3eecbca962be] received
[2024-12-03 21:12:55,565: INFO/ForkPoolWorker-7] Task tasks.email_tasks.send_monthly_activity_reports[91d451a3-c94c-4f77-a092-3eecbca962be] succeeded in 0.03964531200000465s: 'Monthly activity reports sent to all users.'
[2024-12-03 21:13:00,565: INFO/MainProcess] Task tasks.email_tasks.send_monthly_activity_reports[75966322-b594-475f-b64d-8681eb8b63c7] received
[2024-12-03 21:13:00,607: INFO/ForkPoolWorker-7] Task tasks.email_tasks.send_monthly_activity_reports[75966322-b594-475f-b64d-8681eb8b63c7] succeeded in 0.03987594400001626s: 'Monthly activity reports sent to all users.'
[2024-12-03 21:13:05,565: INFO/MainProcess] Task tasks.email_tasks.send_monthly_activity_reports[f50b49f1-02ae-4332-a9c5-46770c8544e0] received
[2024-12-03 21:13:05,612: INFO/ForkPoolWorker-7] Task tasks.email_tasks.send_monthly_activity_reports[f50b49f1-02ae-4332-a9c5-46770c8544e0] succeeded in 0.04420787399999426s: 'Monthly activity reports sent to all users.'
[2024-12-03 21:13:10,566: INFO/MainProcess] Task tasks.email_tasks.send_monthly_activity_reports[8fa2529e-fd74-4b6f-b203-d789f3a6a7be] received
[2024-12-03 21:13:10,612: INFO/ForkPoolWorker-7] Task tasks.email_tasks.send_monthly_activity_reports[8fa2529e-fd74-4b6f-b203-d789f3a6a7be] succeeded in 0.04380419099999244s: 'Monthly activity reports sent to all users.'
[2024-12-03 21:13:15,565: INFO/MainProcess] Task tasks.email_tasks.send_monthly_activity_reports[8c26b539-51db-4107-b845-ca830df9c976] received
[2024-12-03 21:13:15,613: INFO/ForkPoolWorker-7] Task tasks.email_tasks.send_monthly_activity_reports[8c26b539-51db-4107-b845-ca830df9c976] succeeded in 0.04641820300003019s: 'Monthly activity reports sent to all users.'
[2024-12-03 21:13:20,565: INFO/MainProcess] Task tasks.email_tasks.send_monthly_activity_reports[5d7451e5-75ce-4e60-b866-83ed0cd27370] received
[2024-12-03 21:13:20,618: INFO/ForkPoolWorker-7] Task tasks.email_tasks.send_monthly_activity_reports[5d7451e5-75ce-4e60-b866-83ed0cd27370] succeeded in 0.05215843600001335s: 'Monthly activity reports sent to all users.'
[2024-12-03 21:13:25,567: INFO/MainProcess] Task tasks.email_tasks.send_monthly_activity_reports[c3a1fe49-fd69-4008-9f6f-041f23b1ac9a] received
[2024-12-03 21:13:25,631: INFO/ForkPoolWorker-7] Task tasks.email_tasks.send_monthly_activity_reports[c3a1fe49-fd69-4008-9f6f-041f23b1ac9a] succeeded in 0.062456013999963034s: 'Monthly activity reports sent to all users.'
[2024-12-03 21:13:30,566: INFO/MainProcess] Task tasks.email_tasks.send_monthly_activity_reports[eb20c1a9-a5ae-4a2e-b6aa-880d739bfe8c] received
[2024-12-03 21:13:30,630: INFO/ForkPoolWorker-7] Task tasks.email_tasks.send_monthly_activity_reports[eb20c1a9-a5ae-4a2e-b6aa-880d739bfe8c] succeeded in 0.060859665999998924s: 'Monthly activity reports sent to all users.'
[2024-12-03 21:13:35,566: INFO/MainProcess] Task tasks.email_tasks.send_monthly_activity_reports[0cfe92cc-7459-4693-b980-d8b4d8073ee8] received
[2024-12-03 21:13:35,617: INFO/ForkPoolWorker-7] Task tasks.email_tasks.send_monthly_activity_reports[0cfe92cc-7459-4693-b980-d8b4d8073ee8] succeeded in 0.04866981799995074s: 'Monthly activity reports sent to all users.'
[2024-12-03 21:13:40,569: INFO/MainProcess] Task tasks.email_tasks.send_monthly_activity_reports[83f18d68-c619-41d4-8939-e5746f674a9e] received
[2024-12-03 21:13:40,646: INFO/ForkPoolWorker-7] Task tasks.email_tasks.send_monthly_activity_reports[83f18d68-c619-41d4-8939-e5746f674a9e] succeeded in 0.07430512700000236s: 'Monthly activity reports sent to all users.'
[2024-12-03 21:13:45,565: INFO/MainProcess] Task tasks.email_tasks.send_monthly_activity_reports[c6914126-b6d4-49e0-b234-a8133740ca45] received
[2024-12-03 21:13:45,618: INFO/ForkPoolWorker-7] Task tasks.email_tasks.send_monthly_activity_reports[c6914126-b6d4-49e0-b234-a8133740ca45] succeeded in 0.05147992700000259s: 'Monthly activity reports sent to all users.'
[2024-12-03 21:13:50,567: INFO/MainProcess] Task tasks.email_tasks.send_monthly_activity_reports[d99f0028-9a49-47b0-a8cc-d8bd86f68a33] received
[2024-12-03 21:13:50,609: INFO/ForkPoolWorker-7] Task tasks.email_tasks.send_monthly_activity_reports[d99f0028-9a49-47b0-a8cc-d8bd86f68a33] succeeded in 0.041143958000020575s: 'Monthly activity reports sent to all users.'
[2024-12-03 21:13:55,566: INFO/MainProcess] Task tasks.email_tasks.send_monthly_activity_reports[a168c732-a36e-406b-9029-219fca384bf0] received
[2024-12-03 21:13:55,615: INFO/ForkPoolWorker-7] Task tasks.email_tasks.send_monthly_activity_reports[a168c732-a36e-406b-9029-219fca384bf0] succeeded in 0.04761185399996748s: 'Monthly activity reports sent to all users.'
[2024-12-03 21:14:00,565: INFO/MainProcess] Task tasks.email_tasks.send_monthly_activity_reports[81d702fd-7202-4908-93a4-441e39cbe056] received
[2024-12-03 21:14:00,618: INFO/ForkPoolWorker-7] Task tasks.email_tasks.send_monthly_activity_reports[81d702fd-7202-4908-93a4-441e39cbe056] succeeded in 0.05116056200000685s: 'Monthly activity reports sent to all users.'
[2024-12-03 21:14:05,566: INFO/MainProcess] Task tasks.email_tasks.send_monthly_activity_reports[046a4d66-fcf7-4f3f-acc0-c18303a236cf] received
[2024-12-03 21:14:05,613: INFO/ForkPoolWorker-7] Task tasks.email_tasks.send_monthly_activity_reports[046a4d66-fcf7-4f3f-acc0-c18303a236cf] succeeded in 0.04490578400003642s: 'Monthly activity reports sent to all users.'
[2024-12-03 21:14:10,567: INFO/MainProcess] Task tasks.email_tasks.send_monthly_activity_reports[7c0c4cf0-6c89-467d-bcc3-015a430b6bb8] received
[2024-12-03 21:14:10,614: INFO/ForkPoolWorker-7] Task tasks.email_tasks.send_monthly_activity_reports[7c0c4cf0-6c89-467d-bcc3-015a430b6bb8] succeeded in 0.04480959299996812s: 'Monthly activity reports sent to all users.'
[2024-12-03 21:14:15,566: INFO/MainProcess] Task tasks.email_tasks.send_monthly_activity_reports[9b216457-a210-4eb5-95c4-0ac63a49f72c] received
[2024-12-03 21:14:15,616: INFO/ForkPoolWorker-7] Task tasks.email_tasks.send_monthly_activity_reports[9b216457-a210-4eb5-95c4-0ac63a49f72c] succeeded in 0.04837013299999171s: 'Monthly activity reports sent to all users.'
[2024-12-03 21:14:20,567: INFO/MainProcess] Task tasks.email_tasks.send_monthly_activity_reports[9f30d747-46c5-4cf7-a257-4c50436e48a4] received
[2024-12-03 21:14:20,613: INFO/ForkPoolWorker-7] Task tasks.email_tasks.send_monthly_activity_reports[9f30d747-46c5-4cf7-a257-4c50436e48a4] succeeded in 0.04399484699996492s: 'Monthly activity reports sent to all users.'
[2024-12-03 21:14:25,565: INFO/MainProcess] Task tasks.email_tasks.send_monthly_activity_reports[4dc53ba5-f733-4959-9c0d-a17fd8399592] received
[2024-12-03 21:14:25,606: INFO/ForkPoolWorker-7] Task tasks.email_tasks.send_monthly_activity_reports[4dc53ba5-f733-4959-9c0d-a17fd8399592] succeeded in 0.03885606400001507s: 'Monthly activity reports sent to all users.'
[2024-12-03 21:14:30,567: INFO/MainProcess] Task tasks.email_tasks.send_monthly_activity_reports[da4ff032-39b2-4a6b-87eb-6c2f75d58574] received
[2024-12-03 21:14:30,611: INFO/ForkPoolWorker-7] Task tasks.email_tasks.send_monthly_activity_reports[da4ff032-39b2-4a6b-87eb-6c2f75d58574] succeeded in 0.041107051000039974s: 'Monthly activity reports sent to all users.'
[2024-12-03 21:14:35,565: INFO/MainProcess] Task tasks.email_tasks.send_monthly_activity_reports[15935c05-ad17-44c6-a63c-7d09be71cada] received
[2024-12-03 21:14:35,610: INFO/ForkPoolWorker-7] Task tasks.email_tasks.send_monthly_activity_reports[15935c05-ad17-44c6-a63c-7d09be71cada] succeeded in 0.04218749400001798s: 'Monthly activity reports sent to all users.'
[2024-12-03 21:14:40,566: INFO/MainProcess] Task tasks.email_tasks.send_monthly_activity_reports[9a710c1e-77d2-4191-ada3-f10f71735635] received
[2024-12-03 21:14:40,634: INFO/ForkPoolWorker-7] Task tasks.email_tasks.send_monthly_activity_reports[9a710c1e-77d2-4191-ada3-f10f71735635] succeeded in 0.06595495800002027s: 'Monthly activity reports sent to all users.'
[2024-12-03 21:14:41,789: INFO/MainProcess] Task tasks.email_tasks.notify_professionals_of_pending_requests[9c871b64-2fc5-46bb-9242-d3f95f91c08e] received
[2024-12-03 21:14:41,873: INFO/ForkPoolWorker-7] Task tasks.email_tasks.notify_professionals_of_pending_requests[9c871b64-2fc5-46bb-9242-d3f95f91c08e] succeeded in 0.07948882999994566s: 'Emails sent to professionals with pending requests.'
[2024-12-03 21:14:45,567: INFO/MainProcess] Task tasks.email_tasks.send_monthly_activity_reports[456ef807-acd2-4fdb-83af-fee3aa1128d6] received
[2024-12-03 21:14:45,641: INFO/ForkPoolWorker-7] Task tasks.email_tasks.send_monthly_activity_reports[456ef807-acd2-4fdb-83af-fee3aa1128d6] succeeded in 0.07159205499999644s: 'Monthly activity reports sent to all users.'
[2024-12-03 21:14:50,567: INFO/MainProcess] Task tasks.email_tasks.send_monthly_activity_reports[d6088b1f-e951-4c13-88bc-81a3a9a3bac2] received
[2024-12-03 21:14:50,643: INFO/ForkPoolWorker-7] Task tasks.email_tasks.send_monthly_activity_reports[d6088b1f-e951-4c13-88bc-81a3a9a3bac2] succeeded in 0.07473541299998487s: 'Monthly activity reports sent to all users.'
[2024-12-03 21:14:55,566: INFO/MainProcess] Task tasks.email_tasks.send_monthly_activity_reports[f074ab6e-186d-4a2e-9418-eae6595c85b0] received
[2024-12-03 21:14:55,621: INFO/ForkPoolWorker-7] Task tasks.email_tasks.send_monthly_activity_reports[f074ab6e-186d-4a2e-9418-eae6595c85b0] succeeded in 0.052860534000046755s: 'Monthly activity reports sent to all users.'
[2024-12-03 21:15:00,568: INFO/MainProcess] Task tasks.email_tasks.send_monthly_activity_reports[7d658813-fec6-4d43-b8e8-57782ee72cbe] received
[2024-12-03 21:15:00,649: INFO/ForkPoolWorker-7] Task tasks.email_tasks.send_monthly_activity_reports[7d658813-fec6-4d43-b8e8-57782ee72cbe] succeeded in 0.0787143569999671s: 'Monthly activity reports sent to all users.'
[2024-12-03 21:15:05,570: INFO/MainProcess] Task tasks.email_tasks.send_monthly_activity_reports[7c68c71f-285f-4fe5-9ba7-eac34746ad9f] received
[2024-12-03 21:15:05,647: INFO/ForkPoolWorker-7] Task tasks.email_tasks.send_monthly_activity_reports[7c68c71f-285f-4fe5-9ba7-eac34746ad9f] succeeded in 0.07458858699999382s: 'Monthly activity reports sent to all users.'
[2024-12-03 21:15:10,566: INFO/MainProcess] Task tasks.email_tasks.send_monthly_activity_reports[1edefe22-8ace-4ca4-ab98-4581a9f93a55] received
[2024-12-03 21:15:10,638: INFO/ForkPoolWorker-7] Task tasks.email_tasks.send_monthly_activity_reports[1edefe22-8ace-4ca4-ab98-4581a9f93a55] succeeded in 0.06938637400003245s: 'Monthly activity reports sent to all users.'
[2024-12-03 21:15:15,566: INFO/MainProcess] Task tasks.email_tasks.send_monthly_activity_reports[bd14d973-8672-4bfc-a5f2-a8db072907f7] received
[2024-12-03 21:15:15,606: INFO/ForkPoolWorker-7] Task tasks.email_tasks.send_monthly_activity_reports[bd14d973-8672-4bfc-a5f2-a8db072907f7] succeeded in 0.03841256099997281s: 'Monthly activity reports sent to all users.'
[2024-12-03 21:15:20,566: INFO/MainProcess] Task tasks.email_tasks.send_monthly_activity_reports[864206c7-6bd9-436c-8178-b80017835c14] received
[2024-12-03 21:15:20,613: INFO/ForkPoolWorker-7] Task tasks.email_tasks.send_monthly_activity_reports[864206c7-6bd9-436c-8178-b80017835c14] succeeded in 0.04531413400002293s: 'Monthly activity reports sent to all users.'
[2024-12-03 21:15:25,566: INFO/MainProcess] Task tasks.email_tasks.send_monthly_activity_reports[e4b503df-8fb5-461b-a24c-ee403d31ddde] received
[2024-12-03 21:15:25,614: INFO/ForkPoolWorker-7] Task tasks.email_tasks.send_monthly_activity_reports[e4b503df-8fb5-461b-a24c-ee403d31ddde] succeeded in 0.04500900699997601s: 'Monthly activity reports sent to all users.'
[2024-12-03 21:15:30,566: INFO/MainProcess] Task tasks.email_tasks.send_monthly_activity_reports[6955aafa-5c25-42c3-88d4-60b28c68e769] received
[2024-12-03 21:15:30,616: INFO/ForkPoolWorker-7] Task tasks.email_tasks.send_monthly_activity_reports[6955aafa-5c25-42c3-88d4-60b28c68e769] succeeded in 0.04683357500005059s: 'Monthly activity reports sent to all users.'
[2024-12-03 21:15:35,566: INFO/MainProcess] Task tasks.email_tasks.send_monthly_activity_reports[83ec429f-a3e3-436b-acd2-d7fe26a0d151] received
[2024-12-03 21:15:35,613: INFO/ForkPoolWorker-7] Task tasks.email_tasks.send_monthly_activity_reports[83ec429f-a3e3-436b-acd2-d7fe26a0d151] succeeded in 0.04553041600001961s: 'Monthly activity reports sent to all users.'
[2024-12-03 21:15:40,567: INFO/MainProcess] Task tasks.email_tasks.send_monthly_activity_reports[4535ba2e-afcf-4352-a457-3d19ce0568b5] received
[2024-12-03 21:15:40,605: INFO/ForkPoolWorker-7] Task tasks.email_tasks.send_monthly_activity_reports[4535ba2e-afcf-4352-a457-3d19ce0568b5] succeeded in 0.03552902700005234s: 'Monthly activity reports sent to all users.'
[2024-12-03 21:15:45,566: INFO/MainProcess] Task tasks.email_tasks.send_monthly_activity_reports[a6592eb4-7147-494f-806f-39f8badfa7ea] received
[2024-12-03 21:15:45,606: INFO/ForkPoolWorker-7] Task tasks.email_tasks.send_monthly_activity_reports[a6592eb4-7147-494f-806f-39f8badfa7ea] succeeded in 0.03827289900004871s: 'Monthly activity reports sent to all users.'
[2024-12-03 21:15:50,566: INFO/MainProcess] Task tasks.email_tasks.send_monthly_activity_reports[9fac9ddd-991d-4cc4-9c95-74b579198b13] received
[2024-12-03 21:15:50,612: INFO/ForkPoolWorker-7] Task tasks.email_tasks.send_monthly_activity_reports[9fac9ddd-991d-4cc4-9c95-74b579198b13] succeeded in 0.04330765200006681s: 'Monthly activity reports sent to all users.'
[2024-12-03 21:15:55,566: INFO/MainProcess] Task tasks.email_tasks.send_monthly_activity_reports[4abb486b-059b-4868-beac-13f9eb1c7d76] received
[2024-12-03 21:15:55,613: INFO/ForkPoolWorker-7] Task tasks.email_tasks.send_monthly_activity_reports[4abb486b-059b-4868-beac-13f9eb1c7d76] succeeded in 0.045419251999987864s: 'Monthly activity reports sent to all users.'
[2024-12-03 21:16:00,569: INFO/MainProcess] Task tasks.email_tasks.send_monthly_activity_reports[1878beaf-4544-4bb2-ada3-980934fddd86] received
[2024-12-03 21:16:00,616: INFO/ForkPoolWorker-7] Task tasks.email_tasks.send_monthly_activity_reports[1878beaf-4544-4bb2-ada3-980934fddd86] succeeded in 0.044791543999963324s: 'Monthly activity reports sent to all users.'
[2024-12-03 21:16:05,568: INFO/MainProcess] Task tasks.email_tasks.send_monthly_activity_reports[9cd36b64-b152-4536-8f0b-1bf960525805] received
[2024-12-03 21:16:05,615: INFO/ForkPoolWorker-7] Task tasks.email_tasks.send_monthly_activity_reports[9cd36b64-b152-4536-8f0b-1bf960525805] succeeded in 0.04543150899996817s: 'Monthly activity reports sent to all users.'
[2024-12-03 21:16:10,569: INFO/MainProcess] Task tasks.email_tasks.send_monthly_activity_reports[a3082511-1630-4b90-9201-cb88653c7bbb] received
[2024-12-03 21:16:10,618: INFO/ForkPoolWorker-7] Task tasks.email_tasks.send_monthly_activity_reports[a3082511-1630-4b90-9201-cb88653c7bbb] succeeded in 0.047403478999967774s: 'Monthly activity reports sent to all users.'
[2024-12-03 21:16:15,569: INFO/MainProcess] Task tasks.email_tasks.send_monthly_activity_reports[9715b4bc-798c-4627-8d84-ac96428f6a12] received
[2024-12-03 21:16:15,609: INFO/ForkPoolWorker-7] Task tasks.email_tasks.send_monthly_activity_reports[9715b4bc-798c-4627-8d84-ac96428f6a12] succeeded in 0.03888592400005564s: 'Monthly activity reports sent to all users.'
[2024-12-03 21:16:20,569: INFO/MainProcess] Task tasks.email_tasks.send_monthly_activity_reports[127606c6-c73b-4362-ba97-7926cfb70f8a] received
[2024-12-03 21:16:20,610: INFO/ForkPoolWorker-7] Task tasks.email_tasks.send_monthly_activity_reports[127606c6-c73b-4362-ba97-7926cfb70f8a] succeeded in 0.03901869300000271s: 'Monthly activity reports sent to all users.'
[2024-12-03 21:16:25,569: INFO/MainProcess] Task tasks.email_tasks.send_monthly_activity_reports[214196b1-cfa8-4bec-a501-0ab79a9a88dc] received
[2024-12-03 21:16:25,610: INFO/ForkPoolWorker-7] Task tasks.email_tasks.send_monthly_activity_reports[214196b1-cfa8-4bec-a501-0ab79a9a88dc] succeeded in 0.03987268200000926s: 'Monthly activity reports sent to all users.'
[2024-12-03 21:16:30,570: INFO/MainProcess] Task tasks.email_tasks.send_monthly_activity_reports[cde78f87-25b5-4047-9fc5-5c5dbbf0e793] received
[2024-12-03 21:16:30,621: INFO/ForkPoolWorker-7] Task tasks.email_tasks.send_monthly_activity_reports[cde78f87-25b5-4047-9fc5-5c5dbbf0e793] succeeded in 0.0494149879999668s: 'Monthly activity reports sent to all users.'
[2024-12-03 21:16:35,570: INFO/MainProcess] Task tasks.email_tasks.send_monthly_activity_reports[51096ee7-047f-452c-ade4-bf4fb5f66745] received
[2024-12-03 21:16:35,626: INFO/ForkPoolWorker-7] Task tasks.email_tasks.send_monthly_activity_reports[51096ee7-047f-452c-ade4-bf4fb5f66745] succeeded in 0.05284098900006029s: 'Monthly activity reports sent to all users.'
[2024-12-03 21:16:40,570: INFO/MainProcess] Task tasks.email_tasks.send_monthly_activity_reports[74b8bfcc-d604-4b09-a3e9-c78f2963e643] received
[2024-12-03 21:16:40,637: INFO/ForkPoolWorker-7] Task tasks.email_tasks.send_monthly_activity_reports[74b8bfcc-d604-4b09-a3e9-c78f2963e643] succeeded in 0.06542709499990451s: 'Monthly activity reports sent to all users.'
[2024-12-03 21:16:45,571: INFO/MainProcess] Task tasks.email_tasks.send_monthly_activity_reports[1b05b212-a368-40a7-b3de-0880d62567ba] received
[2024-12-03 21:16:45,633: INFO/ForkPoolWorker-7] Task tasks.email_tasks.send_monthly_activity_reports[1b05b212-a368-40a7-b3de-0880d62567ba] succeeded in 0.05968132200007403s: 'Monthly activity reports sent to all users.'
[2024-12-03 21:16:50,569: INFO/MainProcess] Task tasks.email_tasks.send_monthly_activity_reports[a2450113-599e-4bb0-adf1-e260ee8918f7] received
[2024-12-03 21:16:50,633: INFO/ForkPoolWorker-7] Task tasks.email_tasks.send_monthly_activity_reports[a2450113-599e-4bb0-adf1-e260ee8918f7] succeeded in 0.0610994710000341s: 'Monthly activity reports sent to all users.'
[2024-12-03 21:16:55,571: INFO/MainProcess] Task tasks.email_tasks.send_monthly_activity_reports[a2b74f95-e8ba-4b6a-b9db-1bcc57583483] received
[2024-12-03 21:16:55,667: INFO/ForkPoolWorker-7] Task tasks.email_tasks.send_monthly_activity_reports[a2b74f95-e8ba-4b6a-b9db-1bcc57583483] succeeded in 0.0934235270000272s: 'Monthly activity reports sent to all users.'
[2024-12-03 21:17:00,570: INFO/MainProcess] Task tasks.email_tasks.send_monthly_activity_reports[333278f9-78e0-4219-93c1-a7af1d681330] received
[2024-12-03 21:17:00,646: INFO/ForkPoolWorker-7] Task tasks.email_tasks.send_monthly_activity_reports[333278f9-78e0-4219-93c1-a7af1d681330] succeeded in 0.07260357900008785s: 'Monthly activity reports sent to all users.'
[2024-12-03 21:17:05,573: INFO/MainProcess] Task tasks.email_tasks.send_monthly_activity_reports[5af48895-a945-4859-b871-c26c19024e41] received
[2024-12-03 21:17:05,654: INFO/ForkPoolWorker-7] Task tasks.email_tasks.send_monthly_activity_reports[5af48895-a945-4859-b871-c26c19024e41] succeeded in 0.07851033400004326s: 'Monthly activity reports sent to all users.'
[2024-12-03 21:17:10,571: INFO/MainProcess] Task tasks.email_tasks.send_monthly_activity_reports[c3c1fbcd-ff9d-495f-a28b-16c7938ea2c1] received
[2024-12-03 21:17:10,627: INFO/ForkPoolWorker-7] Task tasks.email_tasks.send_monthly_activity_reports[c3c1fbcd-ff9d-495f-a28b-16c7938ea2c1] succeeded in 0.05476252599999043s: 'Monthly activity reports sent to all users.'
[2024-12-03 21:17:11,788: INFO/MainProcess] Task tasks.email_tasks.notify_professionals_of_pending_requests[30ef0676-4d62-4715-9edd-48b933bc66f1] received
[2024-12-03 21:17:11,817: INFO/ForkPoolWorker-7] Task tasks.email_tasks.notify_professionals_of_pending_requests[30ef0676-4d62-4715-9edd-48b933bc66f1] succeeded in 0.02560298100002001s: 'Emails sent to professionals with pending requests.'
[2024-12-03 21:17:15,570: INFO/MainProcess] Task tasks.email_tasks.send_monthly_activity_reports[ba8fa43b-dea3-4c71-bb27-eaa59ff5d58a] received
[2024-12-03 21:17:15,626: INFO/ForkPoolWorker-7] Task tasks.email_tasks.send_monthly_activity_reports[ba8fa43b-dea3-4c71-bb27-eaa59ff5d58a] succeeded in 0.05367263200002981s: 'Monthly activity reports sent to all users.'
[2024-12-03 21:17:20,570: INFO/MainProcess] Task tasks.email_tasks.send_monthly_activity_reports[3a6a0c84-7361-4d40-86ad-a3326b9c7e1b] received
[2024-12-03 21:17:20,638: INFO/ForkPoolWorker-7] Task tasks.email_tasks.send_monthly_activity_reports[3a6a0c84-7361-4d40-86ad-a3326b9c7e1b] succeeded in 0.06652206300009311s: 'Monthly activity reports sent to all users.'
[2024-12-03 21:17:25,570: INFO/MainProcess] Task tasks.email_tasks.send_monthly_activity_reports[d0998167-300d-46de-b485-30f8c743f249] received
[2024-12-03 21:17:25,627: INFO/ForkPoolWorker-7] Task tasks.email_tasks.send_monthly_activity_reports[d0998167-300d-46de-b485-30f8c743f249] succeeded in 0.05526519800002916s: 'Monthly activity reports sent to all users.'
[2024-12-03 21:17:30,570: INFO/MainProcess] Task tasks.email_tasks.send_monthly_activity_reports[fb8276ab-db8d-4267-81d5-a16e2f0283b1] received
[2024-12-03 21:17:30,629: INFO/ForkPoolWorker-7] Task tasks.email_tasks.send_monthly_activity_reports[fb8276ab-db8d-4267-81d5-a16e2f0283b1] succeeded in 0.0565525050000133s: 'Monthly activity reports sent to all users.'
[2024-12-03 21:17:35,570: INFO/MainProcess] Task tasks.email_tasks.send_monthly_activity_reports[8e7e98c9-a96b-4c45-995c-f04f318e2e13] received
[2024-12-03 21:17:35,635: INFO/ForkPoolWorker-7] Task tasks.email_tasks.send_monthly_activity_reports[8e7e98c9-a96b-4c45-995c-f04f318e2e13] succeeded in 0.06250123799998164s: 'Monthly activity reports sent to all users.'
[2024-12-03 21:17:40,571: INFO/MainProcess] Task tasks.email_tasks.send_monthly_activity_reports[d44578d1-f5ed-443e-9575-6043f73919ea] received
[2024-12-03 21:17:40,639: INFO/ForkPoolWorker-7] Task tasks.email_tasks.send_monthly_activity_reports[d44578d1-f5ed-443e-9575-6043f73919ea] succeeded in 0.06630260099996121s: 'Monthly activity reports sent to all users.'
[2024-12-03 21:17:45,571: INFO/MainProcess] Task tasks.email_tasks.send_monthly_activity_reports[bef487e9-0ee0-4330-aafd-0ce016ee3aa3] received
[2024-12-03 21:17:45,633: INFO/ForkPoolWorker-7] Task tasks.email_tasks.send_monthly_activity_reports[bef487e9-0ee0-4330-aafd-0ce016ee3aa3] succeeded in 0.05995651600005658s: 'Monthly activity reports sent to all users.'
[2024-12-03 21:17:50,571: INFO/MainProcess] Task tasks.email_tasks.send_monthly_activity_reports[ba4bfbcf-e240-490e-b2a2-93b4f734297e] received
[2024-12-03 21:17:50,626: INFO/ForkPoolWorker-7] Task tasks.email_tasks.send_monthly_activity_reports[ba4bfbcf-e240-490e-b2a2-93b4f734297e] succeeded in 0.053657358999998905s: 'Monthly activity reports sent to all users.'
[2024-12-03 21:17:55,570: INFO/MainProcess] Task tasks.email_tasks.send_monthly_activity_reports[0957ce0f-7f9e-4444-aaef-f002a307865c] received
[2024-12-03 21:17:55,624: INFO/ForkPoolWorker-7] Task tasks.email_tasks.send_monthly_activity_reports[0957ce0f-7f9e-4444-aaef-f002a307865c] succeeded in 0.05156943899999078s: 'Monthly activity reports sent to all users.'
[2024-12-03 21:18:00,570: INFO/MainProcess] Task tasks.email_tasks.send_monthly_activity_reports[9c139b27-3042-468b-8fb5-9d45f2bcaab1] received
[2024-12-03 21:18:00,630: INFO/ForkPoolWorker-7] Task tasks.email_tasks.send_monthly_activity_reports[9c139b27-3042-468b-8fb5-9d45f2bcaab1] succeeded in 0.057609297999988485s: 'Monthly activity reports sent to all users.'
[2024-12-03 21:18:05,570: INFO/MainProcess] Task tasks.email_tasks.send_monthly_activity_reports[448d5a67-0c82-4121-8cc4-60ffe291b7bf] received
[2024-12-03 21:18:05,625: INFO/ForkPoolWorker-7] Task tasks.email_tasks.send_monthly_activity_reports[448d5a67-0c82-4121-8cc4-60ffe291b7bf] succeeded in 0.05309751699996923s: 'Monthly activity reports sent to all users.'
[2024-12-03 21:18:10,572: INFO/MainProcess] Task tasks.email_tasks.send_monthly_activity_reports[d1ad158d-9835-4b61-b315-bb0662ae36bd] received
[2024-12-03 21:18:10,633: INFO/ForkPoolWorker-7] Task tasks.email_tasks.send_monthly_activity_reports[d1ad158d-9835-4b61-b315-bb0662ae36bd] succeeded in 0.05894054199995935s: 'Monthly activity reports sent to all users.'
[2024-12-03 21:18:15,570: INFO/MainProcess] Task tasks.email_tasks.send_monthly_activity_reports[c2c28e6b-bbef-4aaf-aad3-0edf20fd8522] received
[2024-12-03 21:18:15,623: INFO/ForkPoolWorker-7] Task tasks.email_tasks.send_monthly_activity_reports[c2c28e6b-bbef-4aaf-aad3-0edf20fd8522] succeeded in 0.05036328100004539s: 'Monthly activity reports sent to all users.'
[2024-12-03 21:18:20,571: INFO/MainProcess] Task tasks.email_tasks.send_monthly_activity_reports[9f925e0d-c451-4dbe-b1c2-c41253626b08] received
[2024-12-03 21:18:20,638: INFO/ForkPoolWorker-7] Task tasks.email_tasks.send_monthly_activity_reports[9f925e0d-c451-4dbe-b1c2-c41253626b08] succeeded in 0.0650442659999726s: 'Monthly activity reports sent to all users.'
[2024-12-03 21:18:25,571: INFO/MainProcess] Task tasks.email_tasks.send_monthly_activity_reports[d38ea4d5-72fa-4f40-8f65-9c5d7c1970ad] received
[2024-12-03 21:18:25,632: INFO/ForkPoolWorker-7] Task tasks.email_tasks.send_monthly_activity_reports[d38ea4d5-72fa-4f40-8f65-9c5d7c1970ad] succeeded in 0.058688677000077405s: 'Monthly activity reports sent to all users.'
[2024-12-03 21:18:30,570: INFO/MainProcess] Task tasks.email_tasks.send_monthly_activity_reports[79bcf732-044a-44ad-b060-520b92385478] received
[2024-12-03 21:18:30,616: INFO/ForkPoolWorker-7] Task tasks.email_tasks.send_monthly_activity_reports[79bcf732-044a-44ad-b060-520b92385478] succeeded in 0.04282670199995664s: 'Monthly activity reports sent to all users.'
[2024-12-03 21:18:35,570: INFO/MainProcess] Task tasks.email_tasks.send_monthly_activity_reports[30b0698e-449b-4c84-a6e1-54e55c50a89f] received
[2024-12-03 21:18:35,607: INFO/ForkPoolWorker-7] Task tasks.email_tasks.send_monthly_activity_reports[30b0698e-449b-4c84-a6e1-54e55c50a89f] succeeded in 0.03610292499990919s: 'Monthly activity reports sent to all users.'
[2024-12-03 21:18:40,570: INFO/MainProcess] Task tasks.email_tasks.send_monthly_activity_reports[3680c314-d46d-49f9-aa7e-3495d20707c3] received
[2024-12-03 21:18:40,611: INFO/ForkPoolWorker-7] Task tasks.email_tasks.send_monthly_activity_reports[3680c314-d46d-49f9-aa7e-3495d20707c3] succeeded in 0.03933459999996103s: 'Monthly activity reports sent to all users.'
[2024-12-03 21:18:45,571: INFO/MainProcess] Task tasks.email_tasks.send_monthly_activity_reports[8ab5b44b-64de-440f-adba-c57f0500ed03] received
[2024-12-03 21:18:45,641: INFO/ForkPoolWorker-7] Task tasks.email_tasks.send_monthly_activity_reports[8ab5b44b-64de-440f-adba-c57f0500ed03] succeeded in 0.06827740400001403s: 'Monthly activity reports sent to all users.'
[2024-12-03 21:18:50,571: INFO/MainProcess] Task tasks.email_tasks.send_monthly_activity_reports[a6af8348-0f23-4e80-8b4e-244b193b3f81] received
[2024-12-03 21:18:50,638: INFO/ForkPoolWorker-7] Task tasks.email_tasks.send_monthly_activity_reports[a6af8348-0f23-4e80-8b4e-244b193b3f81] succeeded in 0.06470819399999073s: 'Monthly activity reports sent to all users.'
[2024-12-03 21:18:55,571: INFO/MainProcess] Task tasks.email_tasks.send_monthly_activity_reports[bc12ba5a-7a76-4985-a359-fb294f3afe5e] received
[2024-12-03 21:18:55,636: INFO/ForkPoolWorker-7] Task tasks.email_tasks.send_monthly_activity_reports[bc12ba5a-7a76-4985-a359-fb294f3afe5e] succeeded in 0.06307034200006001s: 'Monthly activity reports sent to all users.'
[2024-12-03 21:19:00,598: INFO/MainProcess] Task tasks.email_tasks.send_monthly_activity_reports[0790fa60-545f-4855-994d-44a84b20943c] received
[2024-12-03 21:19:00,701: INFO/ForkPoolWorker-7] Task tasks.email_tasks.send_monthly_activity_reports[0790fa60-545f-4855-994d-44a84b20943c] succeeded in 0.0986600979999821s: 'Monthly activity reports sent to all users.'
[2024-12-03 21:19:05,598: INFO/MainProcess] Task tasks.email_tasks.send_monthly_activity_reports[49d1bb53-e4f2-44a9-9328-19b059d5b331] received
[2024-12-03 21:19:05,658: INFO/ForkPoolWorker-7] Task tasks.email_tasks.send_monthly_activity_reports[49d1bb53-e4f2-44a9-9328-19b059d5b331] succeeded in 0.05804217200000039s: 'Monthly activity reports sent to all users.'
[2024-12-03 21:19:10,595: INFO/MainProcess] Task tasks.email_tasks.send_monthly_activity_reports[2c26986f-6c21-43a0-b5da-54a3002f8973] received
[2024-12-03 21:19:10,658: INFO/ForkPoolWorker-7] Task tasks.email_tasks.send_monthly_activity_reports[2c26986f-6c21-43a0-b5da-54a3002f8973] succeeded in 0.060803139999961786s: 'Monthly activity reports sent to all users.'
[2024-12-03 21:19:15,595: INFO/MainProcess] Task tasks.email_tasks.send_monthly_activity_reports[7e7a6393-816e-4b7d-bb59-704bb5961bf1] received
[2024-12-03 21:19:15,644: INFO/ForkPoolWorker-7] Task tasks.email_tasks.send_monthly_activity_reports[7e7a6393-816e-4b7d-bb59-704bb5961bf1] succeeded in 0.04687723400002142s: 'Monthly activity reports sent to all users.'
[2024-12-03 21:19:20,595: INFO/MainProcess] Task tasks.email_tasks.send_monthly_activity_reports[0ee78f85-a4a6-4244-838c-c93999414c63] received
[2024-12-03 21:19:20,637: INFO/ForkPoolWorker-7] Task tasks.email_tasks.send_monthly_activity_reports[0ee78f85-a4a6-4244-838c-c93999414c63] succeeded in 0.040457908999997017s: 'Monthly activity reports sent to all users.'
[2024-12-03 21:19:25,595: INFO/MainProcess] Task tasks.email_tasks.send_monthly_activity_reports[972d4e1c-ec8a-4149-a5fb-1e55427a6bc1] received
[2024-12-03 21:19:25,634: INFO/ForkPoolWorker-7] Task tasks.email_tasks.send_monthly_activity_reports[972d4e1c-ec8a-4149-a5fb-1e55427a6bc1] succeeded in 0.037190697000028194s: 'Monthly activity reports sent to all users.'
[2024-12-03 21:19:30,598: INFO/MainProcess] Task tasks.email_tasks.send_monthly_activity_reports[b71a7d5e-c9f5-4ba0-ae0d-c7192ec525cf] received
[2024-12-03 21:19:30,644: INFO/ForkPoolWorker-7] Task tasks.email_tasks.send_monthly_activity_reports[b71a7d5e-c9f5-4ba0-ae0d-c7192ec525cf] succeeded in 0.042738399999961985s: 'Monthly activity reports sent to all users.'
[2024-12-03 21:19:35,595: INFO/MainProcess] Task tasks.email_tasks.send_monthly_activity_reports[f682ae4f-33f1-4675-90a5-0338e86ba15a] received
[2024-12-03 21:19:35,640: INFO/ForkPoolWorker-7] Task tasks.email_tasks.send_monthly_activity_reports[f682ae4f-33f1-4675-90a5-0338e86ba15a] succeeded in 0.04293834500003868s: 'Monthly activity reports sent to all users.'
[2024-12-03 21:19:40,596: INFO/MainProcess] Task tasks.email_tasks.send_monthly_activity_reports[ffc3e275-f271-4e1b-9985-0c1483d305e6] received
[2024-12-03 21:19:40,653: INFO/ForkPoolWorker-7] Task tasks.email_tasks.send_monthly_activity_reports[ffc3e275-f271-4e1b-9985-0c1483d305e6] succeeded in 0.052428910999992695s: 'Monthly activity reports sent to all users.'
[2024-12-03 21:19:41,788: INFO/MainProcess] Task tasks.email_tasks.notify_professionals_of_pending_requests[0acd9094-e119-4f2c-b491-ad3f8f839979] received
[2024-12-03 21:19:41,830: INFO/ForkPoolWorker-7] Task tasks.email_tasks.notify_professionals_of_pending_requests[0acd9094-e119-4f2c-b491-ad3f8f839979] succeeded in 0.04048624800009293s: 'Emails sent to professionals with pending requests.'
[2024-12-03 21:19:45,596: INFO/MainProcess] Task tasks.email_tasks.send_monthly_activity_reports[500c813d-0018-4c90-aeaa-5770345515da] received
[2024-12-03 21:19:45,658: INFO/ForkPoolWorker-7] Task tasks.email_tasks.send_monthly_activity_reports[500c813d-0018-4c90-aeaa-5770345515da] succeeded in 0.06007322100003876s: 'Monthly activity reports sent to all users.'
[2024-12-03 21:19:50,596: INFO/MainProcess] Task tasks.email_tasks.send_monthly_activity_reports[5f598462-15a5-4c3c-ab25-14f157839ce7] received
[2024-12-03 21:19:50,681: INFO/ForkPoolWorker-7] Task tasks.email_tasks.send_monthly_activity_reports[5f598462-15a5-4c3c-ab25-14f157839ce7] succeeded in 0.0820615769999904s: 'Monthly activity reports sent to all users.'
[2024-12-03 21:19:55,598: INFO/MainProcess] Task tasks.email_tasks.send_monthly_activity_reports[5c5c89f2-469c-4b23-88b0-89e1afed6851] received
[2024-12-03 21:19:55,668: INFO/ForkPoolWorker-7] Task tasks.email_tasks.send_monthly_activity_reports[5c5c89f2-469c-4b23-88b0-89e1afed6851] succeeded in 0.06710310200003278s: 'Monthly activity reports sent to all users.'
[2024-12-03 21:20:00,597: INFO/MainProcess] Task tasks.email_tasks.send_monthly_activity_reports[ac7146f4-b76e-4f5e-b46f-b8b2e3b55a27] received
[2024-12-03 21:20:00,676: INFO/ForkPoolWorker-7] Task tasks.email_tasks.send_monthly_activity_reports[ac7146f4-b76e-4f5e-b46f-b8b2e3b55a27] succeeded in 0.0769299730000057s: 'Monthly activity reports sent to all users.'
[2024-12-03 21:20:05,596: INFO/MainProcess] Task tasks.email_tasks.send_monthly_activity_reports[6004a688-bf27-4edd-b484-05b5bacbb5f4] received
[2024-12-03 21:20:05,664: INFO/ForkPoolWorker-7] Task tasks.email_tasks.send_monthly_activity_reports[6004a688-bf27-4edd-b484-05b5bacbb5f4] succeeded in 0.06553898200002095s: 'Monthly activity reports sent to all users.'
[2024-12-03 21:20:10,597: INFO/MainProcess] Task tasks.email_tasks.send_monthly_activity_reports[74772c0b-5b5a-47cb-83e0-a8364771cf49] received
[2024-12-03 21:20:10,654: INFO/ForkPoolWorker-7] Task tasks.email_tasks.send_monthly_activity_reports[74772c0b-5b5a-47cb-83e0-a8364771cf49] succeeded in 0.05535157500003152s: 'Monthly activity reports sent to all users.'
[2024-12-03 21:20:15,596: INFO/MainProcess] Task tasks.email_tasks.send_monthly_activity_reports[c10e6871-4a94-4d47-b854-575adf072ab4] received
[2024-12-03 21:20:15,665: INFO/ForkPoolWorker-7] Task tasks.email_tasks.send_monthly_activity_reports[c10e6871-4a94-4d47-b854-575adf072ab4] succeeded in 0.06636169699993388s: 'Monthly activity reports sent to all users.'
[2024-12-03 21:20:20,595: INFO/MainProcess] Task tasks.email_tasks.send_monthly_activity_reports[2cd98ba9-580a-4a1f-8131-a04271082e27] received
[2024-12-03 21:20:20,640: INFO/ForkPoolWorker-7] Task tasks.email_tasks.send_monthly_activity_reports[2cd98ba9-580a-4a1f-8131-a04271082e27] succeeded in 0.042972131000055924s: 'Monthly activity reports sent to all users.'
[2024-12-03 21:20:25,596: INFO/MainProcess] Task tasks.email_tasks.send_monthly_activity_reports[24beb704-40fa-4849-b66b-914e001673ea] received
[2024-12-03 21:20:25,664: INFO/ForkPoolWorker-7] Task tasks.email_tasks.send_monthly_activity_reports[24beb704-40fa-4849-b66b-914e001673ea] succeeded in 0.06564585000000989s: 'Monthly activity reports sent to all users.'
[2024-12-03 21:20:30,595: INFO/MainProcess] Task tasks.email_tasks.send_monthly_activity_reports[f026f94f-a58f-4d8a-9434-b2ec74b0ffa6] received
[2024-12-03 21:20:30,650: INFO/ForkPoolWorker-7] Task tasks.email_tasks.send_monthly_activity_reports[f026f94f-a58f-4d8a-9434-b2ec74b0ffa6] succeeded in 0.0533007889999908s: 'Monthly activity reports sent to all users.'
[2024-12-03 21:20:35,595: INFO/MainProcess] Task tasks.email_tasks.send_monthly_activity_reports[68874e27-31ee-4bb5-af1c-b6518fbe91fb] received
[2024-12-03 21:20:35,655: INFO/ForkPoolWorker-7] Task tasks.email_tasks.send_monthly_activity_reports[68874e27-31ee-4bb5-af1c-b6518fbe91fb] succeeded in 0.05683305100001235s: 'Monthly activity reports sent to all users.'
[2024-12-03 21:20:40,595: INFO/MainProcess] Task tasks.email_tasks.send_monthly_activity_reports[ea139c30-7663-494a-82fd-c00b67012302] received
[2024-12-03 21:20:40,644: INFO/ForkPoolWorker-7] Task tasks.email_tasks.send_monthly_activity_reports[ea139c30-7663-494a-82fd-c00b67012302] succeeded in 0.04656356500004222s: 'Monthly activity reports sent to all users.'
[2024-12-03 21:20:45,596: INFO/MainProcess] Task tasks.email_tasks.send_monthly_activity_reports[fe2b81d7-385e-446f-9657-5ff9a1481216] received
[2024-12-03 21:20:45,652: INFO/ForkPoolWorker-7] Task tasks.email_tasks.send_monthly_activity_reports[fe2b81d7-385e-446f-9657-5ff9a1481216] succeeded in 0.054312155000047824s: 'Monthly activity reports sent to all users.'
[2024-12-03 21:20:50,596: INFO/MainProcess] Task tasks.email_tasks.send_monthly_activity_reports[e903c33e-d301-4350-950e-aee87d014623] received
[2024-12-03 21:20:50,650: INFO/ForkPoolWorker-7] Task tasks.email_tasks.send_monthly_activity_reports[e903c33e-d301-4350-950e-aee87d014623] succeeded in 0.05232882200004951s: 'Monthly activity reports sent to all users.'
[2024-12-03 21:20:55,596: INFO/MainProcess] Task tasks.email_tasks.send_monthly_activity_reports[4e880cef-49ce-4458-96b4-09a1be51bde4] received
[2024-12-03 21:20:55,659: INFO/ForkPoolWorker-7] Task tasks.email_tasks.send_monthly_activity_reports[4e880cef-49ce-4458-96b4-09a1be51bde4] succeeded in 0.06012101800001801s: 'Monthly activity reports sent to all users.'
[2024-12-03 21:21:00,596: INFO/MainProcess] Task tasks.email_tasks.send_monthly_activity_reports[35236b4f-df88-4e24-b135-2c4b8cb42b7a] received
[2024-12-03 21:21:00,655: INFO/ForkPoolWorker-7] Task tasks.email_tasks.send_monthly_activity_reports[35236b4f-df88-4e24-b135-2c4b8cb42b7a] succeeded in 0.057180902000027345s: 'Monthly activity reports sent to all users.'
[2024-12-03 21:21:05,597: INFO/MainProcess] Task tasks.email_tasks.send_monthly_activity_reports[e5003e49-ebfa-466c-8168-9476479e8b92] received
[2024-12-03 21:21:05,687: INFO/ForkPoolWorker-7] Task tasks.email_tasks.send_monthly_activity_reports[e5003e49-ebfa-466c-8168-9476479e8b92] succeeded in 0.08758343099998456s: 'Monthly activity reports sent to all users.'
[2024-12-03 21:21:10,596: INFO/MainProcess] Task tasks.email_tasks.send_monthly_activity_reports[9fb562d8-5e48-4da2-b026-efb1824df984] received
[2024-12-03 21:21:10,652: INFO/ForkPoolWorker-7] Task tasks.email_tasks.send_monthly_activity_reports[9fb562d8-5e48-4da2-b026-efb1824df984] succeeded in 0.05440024999995785s: 'Monthly activity reports sent to all users.'
[2024-12-03 21:21:15,596: INFO/MainProcess] Task tasks.email_tasks.send_monthly_activity_reports[b9e0ed58-6415-4509-928c-f4dfb3d65c75] received
[2024-12-03 21:21:15,661: INFO/ForkPoolWorker-7] Task tasks.email_tasks.send_monthly_activity_reports[b9e0ed58-6415-4509-928c-f4dfb3d65c75] succeeded in 0.062013541999931476s: 'Monthly activity reports sent to all users.'
[2024-12-03 21:21:20,596: INFO/MainProcess] Task tasks.email_tasks.send_monthly_activity_reports[aa321013-3a6a-4889-bfb3-9c80c485f4a6] received
[2024-12-03 21:21:20,632: INFO/ForkPoolWorker-7] Task tasks.email_tasks.send_monthly_activity_reports[aa321013-3a6a-4889-bfb3-9c80c485f4a6] succeeded in 0.03415082399999392s: 'Monthly activity reports sent to all users.'
[2024-12-03 21:21:25,596: INFO/MainProcess] Task tasks.email_tasks.send_monthly_activity_reports[767bc8c5-b1c1-477f-84f9-b3446d69a3ea] received
[2024-12-03 21:21:25,644: INFO/ForkPoolWorker-7] Task tasks.email_tasks.send_monthly_activity_reports[767bc8c5-b1c1-477f-84f9-b3446d69a3ea] succeeded in 0.04691479400003118s: 'Monthly activity reports sent to all users.'
[2024-12-03 21:21:30,595: INFO/MainProcess] Task tasks.email_tasks.send_monthly_activity_reports[6c50847c-3423-4a9b-81fc-7ad9e858dc38] received
[2024-12-03 21:21:30,636: INFO/ForkPoolWorker-7] Task tasks.email_tasks.send_monthly_activity_reports[6c50847c-3423-4a9b-81fc-7ad9e858dc38] succeeded in 0.03789257699997961s: 'Monthly activity reports sent to all users.'
[2024-12-03 21:21:35,595: INFO/MainProcess] Task tasks.email_tasks.send_monthly_activity_reports[2f95e74d-19b1-40c8-a9aa-24e5d463df46] received
[2024-12-03 21:21:35,635: INFO/ForkPoolWorker-7] Task tasks.email_tasks.send_monthly_activity_reports[2f95e74d-19b1-40c8-a9aa-24e5d463df46] succeeded in 0.0359822240000085s: 'Monthly activity reports sent to all users.'
[2024-12-03 21:21:40,596: INFO/MainProcess] Task tasks.email_tasks.send_monthly_activity_reports[4a4adf27-b117-4707-92e5-f5398eb32573] received
[2024-12-03 21:21:40,632: INFO/ForkPoolWorker-7] Task tasks.email_tasks.send_monthly_activity_reports[4a4adf27-b117-4707-92e5-f5398eb32573] succeeded in 0.03399648200002048s: 'Monthly activity reports sent to all users.'
[2024-12-03 21:21:45,596: INFO/MainProcess] Task tasks.email_tasks.send_monthly_activity_reports[8ed8eae8-cce8-4998-803d-e0b09d1be5fe] received
[2024-12-03 21:21:45,635: INFO/ForkPoolWorker-7] Task tasks.email_tasks.send_monthly_activity_reports[8ed8eae8-cce8-4998-803d-e0b09d1be5fe] succeeded in 0.03663658699997541s: 'Monthly activity reports sent to all users.'
[2024-12-03 21:21:50,596: INFO/MainProcess] Task tasks.email_tasks.send_monthly_activity_reports[2d3bddea-5cfe-491f-b605-2d945306f439] received
[2024-12-03 21:21:50,635: INFO/ForkPoolWorker-7] Task tasks.email_tasks.send_monthly_activity_reports[2d3bddea-5cfe-491f-b605-2d945306f439] succeeded in 0.037837924999962524s: 'Monthly activity reports sent to all users.'
[2024-12-03 21:21:55,597: INFO/MainProcess] Task tasks.email_tasks.send_monthly_activity_reports[bd969cff-363d-4922-9ca9-4b5a4efb5594] received
[2024-12-03 21:21:55,634: INFO/ForkPoolWorker-7] Task tasks.email_tasks.send_monthly_activity_reports[bd969cff-363d-4922-9ca9-4b5a4efb5594] succeeded in 0.035370647000036115s: 'Monthly activity reports sent to all users.'
[2024-12-03 21:22:00,628: INFO/MainProcess] Task tasks.email_tasks.send_monthly_activity_reports[caf3627d-cf0e-4e82-a503-043d192d7c98] received
[2024-12-03 21:22:00,665: INFO/ForkPoolWorker-7] Task tasks.email_tasks.send_monthly_activity_reports[caf3627d-cf0e-4e82-a503-043d192d7c98] succeeded in 0.035046310999973684s: 'Monthly activity reports sent to all users.'
[2024-12-03 21:22:05,629: INFO/MainProcess] Task tasks.email_tasks.send_monthly_activity_reports[750c6bb9-ebd5-4870-b295-2787a0707b21] received
[2024-12-03 21:22:05,662: INFO/ForkPoolWorker-7] Task tasks.email_tasks.send_monthly_activity_reports[750c6bb9-ebd5-4870-b295-2787a0707b21] succeeded in 0.031446129999949335s: 'Monthly activity reports sent to all users.'
[2024-12-03 21:22:10,628: INFO/MainProcess] Task tasks.email_tasks.send_monthly_activity_reports[fa4f480e-3c97-4a57-b055-3dda26573ed9] received
[2024-12-03 21:22:10,663: INFO/ForkPoolWorker-7] Task tasks.email_tasks.send_monthly_activity_reports[fa4f480e-3c97-4a57-b055-3dda26573ed9] succeeded in 0.03260995300001923s: 'Monthly activity reports sent to all users.'
[2024-12-03 21:22:11,787: INFO/MainProcess] Task tasks.email_tasks.notify_professionals_of_pending_requests[be0c1d73-a400-447d-a303-39870f53b967] received
[2024-12-03 21:22:11,807: INFO/ForkPoolWorker-7] Task tasks.email_tasks.notify_professionals_of_pending_requests[be0c1d73-a400-447d-a303-39870f53b967] succeeded in 0.017646781000053124s: 'Emails sent to professionals with pending requests.'
[2024-12-03 21:22:15,628: INFO/MainProcess] Task tasks.email_tasks.send_monthly_activity_reports[3251df64-9ac8-423f-991e-ec864e9ae566] received
[2024-12-03 21:22:15,664: INFO/ForkPoolWorker-7] Task tasks.email_tasks.send_monthly_activity_reports[3251df64-9ac8-423f-991e-ec864e9ae566] succeeded in 0.03331539999999222s: 'Monthly activity reports sent to all users.'
[2024-12-03 21:22:20,628: INFO/MainProcess] Task tasks.email_tasks.send_monthly_activity_reports[60a0110d-7b85-4882-9f95-8fc5cc6f117e] received
[2024-12-03 21:22:20,668: INFO/ForkPoolWorker-7] Task tasks.email_tasks.send_monthly_activity_reports[60a0110d-7b85-4882-9f95-8fc5cc6f117e] succeeded in 0.038307898999960344s: 'Monthly activity reports sent to all users.'
[2024-12-03 21:22:25,628: INFO/MainProcess] Task tasks.email_tasks.send_monthly_activity_reports[81f480cd-adac-4375-87d7-87f9835c6a1a] received
[2024-12-03 21:22:25,662: INFO/ForkPoolWorker-7] Task tasks.email_tasks.send_monthly_activity_reports[81f480cd-adac-4375-87d7-87f9835c6a1a] succeeded in 0.03254291200005355s: 'Monthly activity reports sent to all users.'
[2024-12-03 21:22:30,628: INFO/MainProcess] Task tasks.email_tasks.send_monthly_activity_reports[36c092a5-7c66-460e-9fa2-de1133046486] received
[2024-12-03 21:22:30,666: INFO/ForkPoolWorker-7] Task tasks.email_tasks.send_monthly_activity_reports[36c092a5-7c66-460e-9fa2-de1133046486] succeeded in 0.035334814999941955s: 'Monthly activity reports sent to all users.'
[2024-12-03 21:22:35,629: INFO/MainProcess] Task tasks.email_tasks.send_monthly_activity_reports[81bbe006-13a8-4f63-8da2-c381c0e172b0] received
[2024-12-03 21:22:35,678: INFO/ForkPoolWorker-7] Task tasks.email_tasks.send_monthly_activity_reports[81bbe006-13a8-4f63-8da2-c381c0e172b0] succeeded in 0.046953949999988254s: 'Monthly activity reports sent to all users.'
[2024-12-03 21:22:40,632: INFO/MainProcess] Task tasks.email_tasks.send_monthly_activity_reports[cbca2d39-ef1e-4e24-bdc8-f4e647358076] received
[2024-12-03 21:22:40,667: INFO/ForkPoolWorker-7] Task tasks.email_tasks.send_monthly_activity_reports[cbca2d39-ef1e-4e24-bdc8-f4e647358076] succeeded in 0.03299460900007034s: 'Monthly activity reports sent to all users.'
[2024-12-03 21:22:45,628: INFO/MainProcess] Task tasks.email_tasks.send_monthly_activity_reports[00b2d333-e28a-42e0-b786-17acbe0a1b82] received
[2024-12-03 21:22:45,672: INFO/ForkPoolWorker-7] Task tasks.email_tasks.send_monthly_activity_reports[00b2d333-e28a-42e0-b786-17acbe0a1b82] succeeded in 0.04150852800000848s: 'Monthly activity reports sent to all users.'
[2024-12-03 21:22:50,628: INFO/MainProcess] Task tasks.email_tasks.send_monthly_activity_reports[1ab6e0e5-777f-4759-8850-03c1b755189f] received
[2024-12-03 21:22:50,679: INFO/ForkPoolWorker-7] Task tasks.email_tasks.send_monthly_activity_reports[1ab6e0e5-777f-4759-8850-03c1b755189f] succeeded in 0.04826518300001226s: 'Monthly activity reports sent to all users.'
[2024-12-03 21:22:55,629: INFO/MainProcess] Task tasks.email_tasks.send_monthly_activity_reports[62b01f10-6ace-43b0-a07b-6567e138710f] received
[2024-12-03 21:22:55,672: INFO/ForkPoolWorker-7] Task tasks.email_tasks.send_monthly_activity_reports[62b01f10-6ace-43b0-a07b-6567e138710f] succeeded in 0.041618083000003026s: 'Monthly activity reports sent to all users.'
[2024-12-03 21:23:00,629: INFO/MainProcess] Task tasks.email_tasks.send_monthly_activity_reports[e348977a-98e7-4c5b-be2b-5728ead0d24f] received
[2024-12-03 21:23:00,686: INFO/ForkPoolWorker-7] Task tasks.email_tasks.send_monthly_activity_reports[e348977a-98e7-4c5b-be2b-5728ead0d24f] succeeded in 0.05504076400006852s: 'Monthly activity reports sent to all users.'
[2024-12-03 21:23:05,630: INFO/MainProcess] Task tasks.email_tasks.send_monthly_activity_reports[2b435e3a-5032-4735-804a-6845f53069ea] received
[2024-12-03 21:23:05,704: INFO/ForkPoolWorker-7] Task tasks.email_tasks.send_monthly_activity_reports[2b435e3a-5032-4735-804a-6845f53069ea] succeeded in 0.07152423000002273s: 'Monthly activity reports sent to all users.'
[2024-12-03 21:23:10,629: INFO/MainProcess] Task tasks.email_tasks.send_monthly_activity_reports[814459d0-cc19-4316-bc45-c7aa3362563a] received
[2024-12-03 21:23:10,694: INFO/ForkPoolWorker-7] Task tasks.email_tasks.send_monthly_activity_reports[814459d0-cc19-4316-bc45-c7aa3362563a] succeeded in 0.062102529999947365s: 'Monthly activity reports sent to all users.'
[2024-12-03 21:23:15,629: INFO/MainProcess] Task tasks.email_tasks.send_monthly_activity_reports[3fae2eb8-e008-4467-a4a0-6707c57dd4dd] received
[2024-12-03 21:23:15,742: INFO/ForkPoolWorker-7] Task tasks.email_tasks.send_monthly_activity_reports[3fae2eb8-e008-4467-a4a0-6707c57dd4dd] succeeded in 0.11042888600013612s: 'Monthly activity reports sent to all users.'
[2024-12-03 21:23:20,629: INFO/MainProcess] Task tasks.email_tasks.send_monthly_activity_reports[b7d6968f-59b0-464d-b70c-cf4ce96621a9] received
[2024-12-03 21:23:20,666: INFO/ForkPoolWorker-7] Task tasks.email_tasks.send_monthly_activity_reports[b7d6968f-59b0-464d-b70c-cf4ce96621a9] succeeded in 0.036381029000040144s: 'Monthly activity reports sent to all users.'
[2024-12-03 21:23:25,629: INFO/MainProcess] Task tasks.email_tasks.send_monthly_activity_reports[0a6803c3-2b7f-440b-87fc-9b237d605cdb] received
[2024-12-03 21:23:25,666: INFO/ForkPoolWorker-7] Task tasks.email_tasks.send_monthly_activity_reports[0a6803c3-2b7f-440b-87fc-9b237d605cdb] succeeded in 0.03503395199982151s: 'Monthly activity reports sent to all users.'
[2024-12-03 21:23:30,629: INFO/MainProcess] Task tasks.email_tasks.send_monthly_activity_reports[8b004986-ba01-4fb2-a085-808da35a37a7] received
[2024-12-03 21:23:30,675: INFO/ForkPoolWorker-7] Task tasks.email_tasks.send_monthly_activity_reports[8b004986-ba01-4fb2-a085-808da35a37a7] succeeded in 0.04441164099989692s: 'Monthly activity reports sent to all users.'
[2024-12-03 21:23:35,629: INFO/MainProcess] Task tasks.email_tasks.send_monthly_activity_reports[8114f5e7-dd69-42f9-96d5-addc4e3cf8b0] received
[2024-12-03 21:23:35,668: INFO/ForkPoolWorker-7] Task tasks.email_tasks.send_monthly_activity_reports[8114f5e7-dd69-42f9-96d5-addc4e3cf8b0] succeeded in 0.038393328999973164s: 'Monthly activity reports sent to all users.'
[2024-12-03 21:23:40,631: INFO/MainProcess] Task tasks.email_tasks.send_monthly_activity_reports[224fa709-d948-49ae-8d32-923c3ba7aa29] received
[2024-12-03 21:23:40,676: INFO/ForkPoolWorker-7] Task tasks.email_tasks.send_monthly_activity_reports[224fa709-d948-49ae-8d32-923c3ba7aa29] succeeded in 0.042658551999920746s: 'Monthly activity reports sent to all users.'
[2024-12-03 21:23:45,629: INFO/MainProcess] Task tasks.email_tasks.send_monthly_activity_reports[db88fbfb-1f4e-4cd8-a665-e82fb73a4afa] received
[2024-12-03 21:23:45,664: INFO/ForkPoolWorker-7] Task tasks.email_tasks.send_monthly_activity_reports[db88fbfb-1f4e-4cd8-a665-e82fb73a4afa] succeeded in 0.03487128999995548s: 'Monthly activity reports sent to all users.'
[2024-12-03 21:23:50,629: INFO/MainProcess] Task tasks.email_tasks.send_monthly_activity_reports[a0d14063-75b5-42df-81ab-33022d87826f] received
[2024-12-03 21:23:50,671: INFO/ForkPoolWorker-7] Task tasks.email_tasks.send_monthly_activity_reports[a0d14063-75b5-42df-81ab-33022d87826f] succeeded in 0.04062097399992126s: 'Monthly activity reports sent to all users.'
[2024-12-03 21:23:55,629: INFO/MainProcess] Task tasks.email_tasks.send_monthly_activity_reports[3f0369d4-3615-426e-aa21-480a9b5135e8] received
[2024-12-03 21:23:55,663: INFO/ForkPoolWorker-7] Task tasks.email_tasks.send_monthly_activity_reports[3f0369d4-3615-426e-aa21-480a9b5135e8] succeeded in 0.033214806999922075s: 'Monthly activity reports sent to all users.'
[2024-12-03 21:24:00,632: INFO/MainProcess] Task tasks.email_tasks.send_monthly_activity_reports[56c65bcb-779e-4dd6-8c95-672ab37a5094] received
[2024-12-03 21:24:00,671: INFO/ForkPoolWorker-7] Task tasks.email_tasks.send_monthly_activity_reports[56c65bcb-779e-4dd6-8c95-672ab37a5094] succeeded in 0.03635720200009018s: 'Monthly activity reports sent to all users.'
[2024-12-03 21:24:05,629: INFO/MainProcess] Task tasks.email_tasks.send_monthly_activity_reports[7fac945c-73ec-4e65-a3b6-ee2603ad2824] received
[2024-12-03 21:24:05,670: INFO/ForkPoolWorker-7] Task tasks.email_tasks.send_monthly_activity_reports[7fac945c-73ec-4e65-a3b6-ee2603ad2824] succeeded in 0.03804367199995795s: 'Monthly activity reports sent to all users.'
[2024-12-03 21:24:10,629: INFO/MainProcess] Task tasks.email_tasks.send_monthly_activity_reports[69ac5001-9360-479f-9c34-52ea3940024a] received
[2024-12-03 21:24:10,668: INFO/ForkPoolWorker-7] Task tasks.email_tasks.send_monthly_activity_reports[69ac5001-9360-479f-9c34-52ea3940024a] succeeded in 0.037493252000103894s: 'Monthly activity reports sent to all users.'
[2024-12-03 21:24:15,629: INFO/MainProcess] Task tasks.email_tasks.send_monthly_activity_reports[b19db531-d4d5-4b1e-81eb-a8c0ddad4fe9] received
[2024-12-03 21:24:15,681: INFO/ForkPoolWorker-7] Task tasks.email_tasks.send_monthly_activity_reports[b19db531-d4d5-4b1e-81eb-a8c0ddad4fe9] succeeded in 0.050073450999889246s: 'Monthly activity reports sent to all users.'
[2024-12-03 21:24:20,629: INFO/MainProcess] Task tasks.email_tasks.send_monthly_activity_reports[5d739169-4e66-4658-b772-117454a5a28e] received
[2024-12-03 21:24:20,672: INFO/ForkPoolWorker-7] Task tasks.email_tasks.send_monthly_activity_reports[5d739169-4e66-4658-b772-117454a5a28e] succeeded in 0.040789505000020654s: 'Monthly activity reports sent to all users.'
[2024-12-03 21:24:25,629: INFO/MainProcess] Task tasks.email_tasks.send_monthly_activity_reports[6babc5d1-9b9d-4bf1-b437-e5693618a8d9] received
[2024-12-03 21:24:25,666: INFO/ForkPoolWorker-7] Task tasks.email_tasks.send_monthly_activity_reports[6babc5d1-9b9d-4bf1-b437-e5693618a8d9] succeeded in 0.03444221400013703s: 'Monthly activity reports sent to all users.'
[2024-12-03 21:24:30,629: INFO/MainProcess] Task tasks.email_tasks.send_monthly_activity_reports[09808c27-b438-4c11-a156-330fcb758844] received
[2024-12-03 21:24:30,665: INFO/ForkPoolWorker-7] Task tasks.email_tasks.send_monthly_activity_reports[09808c27-b438-4c11-a156-330fcb758844] succeeded in 0.033652979999942545s: 'Monthly activity reports sent to all users.'
[2024-12-03 21:24:35,629: INFO/MainProcess] Task tasks.email_tasks.send_monthly_activity_reports[121f1f4b-6bb2-47fe-9e78-19ec6e47e871] received
[2024-12-03 21:24:35,668: INFO/ForkPoolWorker-7] Task tasks.email_tasks.send_monthly_activity_reports[121f1f4b-6bb2-47fe-9e78-19ec6e47e871] succeeded in 0.03583144399999583s: 'Monthly activity reports sent to all users.'
[2024-12-03 21:24:40,629: INFO/MainProcess] Task tasks.email_tasks.send_monthly_activity_reports[93bb3c13-67d1-49c7-b8e3-adeb10c72b8f] received
[2024-12-03 21:24:40,667: INFO/ForkPoolWorker-7] Task tasks.email_tasks.send_monthly_activity_reports[93bb3c13-67d1-49c7-b8e3-adeb10c72b8f] succeeded in 0.036621847000105845s: 'Monthly activity reports sent to all users.'
[2024-12-03 21:24:41,787: INFO/MainProcess] Task tasks.email_tasks.notify_professionals_of_pending_requests[14c3654b-e64e-4e19-b408-8b9b433c8080] received
[2024-12-03 21:24:41,807: INFO/ForkPoolWorker-7] Task tasks.email_tasks.notify_professionals_of_pending_requests[14c3654b-e64e-4e19-b408-8b9b433c8080] succeeded in 0.017347268000094118s: 'Emails sent to professionals with pending requests.'
[2024-12-03 21:24:45,629: INFO/MainProcess] Task tasks.email_tasks.send_monthly_activity_reports[97b9885e-46ae-4f8a-8688-1f4db2f0a0bb] received
[2024-12-03 21:24:45,667: INFO/ForkPoolWorker-7] Task tasks.email_tasks.send_monthly_activity_reports[97b9885e-46ae-4f8a-8688-1f4db2f0a0bb] succeeded in 0.03593436799997107s: 'Monthly activity reports sent to all users.'
[2024-12-03 21:24:50,630: INFO/MainProcess] Task tasks.email_tasks.send_monthly_activity_reports[51907527-5033-4478-a1ac-ed5b2b897292] received
[2024-12-03 21:24:50,670: INFO/ForkPoolWorker-7] Task tasks.email_tasks.send_monthly_activity_reports[51907527-5033-4478-a1ac-ed5b2b897292] succeeded in 0.038141061000033005s: 'Monthly activity reports sent to all users.'
[2024-12-03 21:24:55,629: INFO/MainProcess] Task tasks.email_tasks.send_monthly_activity_reports[07622aa3-4a07-43d0-8392-2f14cecebd2c] received
[2024-12-03 21:24:55,673: INFO/ForkPoolWorker-7] Task tasks.email_tasks.send_monthly_activity_reports[07622aa3-4a07-43d0-8392-2f14cecebd2c] succeeded in 0.04160946599995441s: 'Monthly activity reports sent to all users.'
[2024-12-03 21:25:00,640: INFO/MainProcess] Task tasks.email_tasks.send_monthly_activity_reports[ad7775d9-af30-4551-9c44-80d3a75dcd5b] received
[2024-12-03 21:25:00,682: INFO/ForkPoolWorker-7] Task tasks.email_tasks.send_monthly_activity_reports[ad7775d9-af30-4551-9c44-80d3a75dcd5b] succeeded in 0.03987041799996405s: 'Monthly activity reports sent to all users.'
[2024-12-03 21:25:05,640: INFO/MainProcess] Task tasks.email_tasks.send_monthly_activity_reports[80995cd1-4edd-48d4-bac6-839e899331bb] received
[2024-12-03 21:25:05,679: INFO/ForkPoolWorker-7] Task tasks.email_tasks.send_monthly_activity_reports[80995cd1-4edd-48d4-bac6-839e899331bb] succeeded in 0.03637038900001244s: 'Monthly activity reports sent to all users.'
[2024-12-03 21:25:10,640: INFO/MainProcess] Task tasks.email_tasks.send_monthly_activity_reports[4ea36923-2e11-4991-a615-e1fc8920c6e3] received
[2024-12-03 21:25:10,680: INFO/ForkPoolWorker-7] Task tasks.email_tasks.send_monthly_activity_reports[4ea36923-2e11-4991-a615-e1fc8920c6e3] succeeded in 0.03861559999995734s: 'Monthly activity reports sent to all users.'
[2024-12-03 21:25:15,643: INFO/MainProcess] Task tasks.email_tasks.send_monthly_activity_reports[03c40df1-d0e2-4893-b887-3427cb3da4ca] received
[2024-12-03 21:25:15,690: INFO/ForkPoolWorker-7] Task tasks.email_tasks.send_monthly_activity_reports[03c40df1-d0e2-4893-b887-3427cb3da4ca] succeeded in 0.04527495399997861s: 'Monthly activity reports sent to all users.'
[2024-12-03 21:25:20,640: INFO/MainProcess] Task tasks.email_tasks.send_monthly_activity_reports[aee2ec2c-4e9b-4111-ad1a-8ce3717a99da] received
[2024-12-03 21:25:20,677: INFO/ForkPoolWorker-7] Task tasks.email_tasks.send_monthly_activity_reports[aee2ec2c-4e9b-4111-ad1a-8ce3717a99da] succeeded in 0.035606461000043055s: 'Monthly activity reports sent to all users.'
[2024-12-03 21:25:25,640: INFO/MainProcess] Task tasks.email_tasks.send_monthly_activity_reports[a3844ebe-424b-43c0-a3db-063c00d259d6] received
[2024-12-03 21:25:25,685: INFO/ForkPoolWorker-7] Task tasks.email_tasks.send_monthly_activity_reports[a3844ebe-424b-43c0-a3db-063c00d259d6] succeeded in 0.0424672679998821s: 'Monthly activity reports sent to all users.'
[2024-12-03 21:25:30,640: INFO/MainProcess] Task tasks.email_tasks.send_monthly_activity_reports[025fa91d-93ec-4845-b787-fb861accbfc4] received
[2024-12-03 21:25:30,682: INFO/ForkPoolWorker-7] Task tasks.email_tasks.send_monthly_activity_reports[025fa91d-93ec-4845-b787-fb861accbfc4] succeeded in 0.03917365699999209s: 'Monthly activity reports sent to all users.'
[2024-12-03 21:25:35,641: INFO/MainProcess] Task tasks.email_tasks.send_monthly_activity_reports[27f07353-4ae9-49d0-bdb3-4b48017b880a] received
[2024-12-03 21:25:35,681: INFO/ForkPoolWorker-7] Task tasks.email_tasks.send_monthly_activity_reports[27f07353-4ae9-49d0-bdb3-4b48017b880a] succeeded in 0.0383814589999929s: 'Monthly activity reports sent to all users.'
[2024-12-03 21:25:40,640: INFO/MainProcess] Task tasks.email_tasks.send_monthly_activity_reports[43afcddd-bec4-4817-8998-54eb5a390974] received
[2024-12-03 21:25:40,672: INFO/ForkPoolWorker-7] Task tasks.email_tasks.send_monthly_activity_reports[43afcddd-bec4-4817-8998-54eb5a390974] succeeded in 0.030350760999908744s: 'Monthly activity reports sent to all users.'
[2024-12-03 21:25:45,640: INFO/MainProcess] Task tasks.email_tasks.send_monthly_activity_reports[c3c2e174-0683-44c2-a9f0-ee3fbc197b39] received
[2024-12-03 21:25:45,686: INFO/ForkPoolWorker-7] Task tasks.email_tasks.send_monthly_activity_reports[c3c2e174-0683-44c2-a9f0-ee3fbc197b39] succeeded in 0.043728009999995265s: 'Monthly activity reports sent to all users.'
[2024-12-03 21:25:50,640: INFO/MainProcess] Task tasks.email_tasks.send_monthly_activity_reports[b909538f-8d1c-41ed-ab3b-0b7f89739f4f] received
[2024-12-03 21:25:50,669: INFO/ForkPoolWorker-7] Task tasks.email_tasks.send_monthly_activity_reports[b909538f-8d1c-41ed-ab3b-0b7f89739f4f] succeeded in 0.027684399000008852s: 'Monthly activity reports sent to all users.'
[2024-12-03 21:25:55,640: INFO/MainProcess] Task tasks.email_tasks.send_monthly_activity_reports[c4f99a9e-4f14-4091-8b4f-7a4c5437f0cd] received
[2024-12-03 21:25:55,679: INFO/ForkPoolWorker-7] Task tasks.email_tasks.send_monthly_activity_reports[c4f99a9e-4f14-4091-8b4f-7a4c5437f0cd] succeeded in 0.036026840999966225s: 'Monthly activity reports sent to all users.'
[2024-12-03 21:26:00,640: INFO/MainProcess] Task tasks.email_tasks.send_monthly_activity_reports[4075bd82-dfa6-4b1d-8d2e-1d1eb5a7f601] received
[2024-12-03 21:26:00,682: INFO/ForkPoolWorker-7] Task tasks.email_tasks.send_monthly_activity_reports[4075bd82-dfa6-4b1d-8d2e-1d1eb5a7f601] succeeded in 0.03954938700007915s: 'Monthly activity reports sent to all users.'
[2024-12-03 21:26:05,640: INFO/MainProcess] Task tasks.email_tasks.send_monthly_activity_reports[4d8be4f5-a6de-4543-9df4-30c855b1cd1e] received
[2024-12-03 21:26:05,689: INFO/ForkPoolWorker-7] Task tasks.email_tasks.send_monthly_activity_reports[4d8be4f5-a6de-4543-9df4-30c855b1cd1e] succeeded in 0.04563710799993714s: 'Monthly activity reports sent to all users.'
[2024-12-03 21:26:10,640: INFO/MainProcess] Task tasks.email_tasks.send_monthly_activity_reports[8938aad7-aa45-4df9-8639-0b99a1aae53a] received
[2024-12-03 21:26:10,688: INFO/ForkPoolWorker-7] Task tasks.email_tasks.send_monthly_activity_reports[8938aad7-aa45-4df9-8639-0b99a1aae53a] succeeded in 0.04523627200001101s: 'Monthly activity reports sent to all users.'
[2024-12-03 21:26:15,641: INFO/MainProcess] Task tasks.email_tasks.send_monthly_activity_reports[2f659f7f-c24b-4331-a706-d15f93d6bf93] received
[2024-12-03 21:26:15,683: INFO/ForkPoolWorker-7] Task tasks.email_tasks.send_monthly_activity_reports[2f659f7f-c24b-4331-a706-d15f93d6bf93] succeeded in 0.04014928299989151s: 'Monthly activity reports sent to all users.'
[2024-12-03 21:26:20,640: INFO/MainProcess] Task tasks.email_tasks.send_monthly_activity_reports[62850951-3ddf-4895-bb06-baf68cedfdcd] received
[2024-12-03 21:26:20,679: INFO/ForkPoolWorker-7] Task tasks.email_tasks.send_monthly_activity_reports[62850951-3ddf-4895-bb06-baf68cedfdcd] succeeded in 0.03566066700000192s: 'Monthly activity reports sent to all users.'
[2024-12-03 21:26:25,641: INFO/MainProcess] Task tasks.email_tasks.send_monthly_activity_reports[e97d7607-aa51-4327-9eac-c6572a1b5e6e] received
[2024-12-03 21:26:25,677: INFO/ForkPoolWorker-7] Task tasks.email_tasks.send_monthly_activity_reports[e97d7607-aa51-4327-9eac-c6572a1b5e6e] succeeded in 0.034558204000177284s: 'Monthly activity reports sent to all users.'
[2024-12-03 21:26:30,640: INFO/MainProcess] Task tasks.email_tasks.send_monthly_activity_reports[c3c7b28c-ae83-47af-8263-49b9625155cb] received
[2024-12-03 21:26:30,680: INFO/ForkPoolWorker-7] Task tasks.email_tasks.send_monthly_activity_reports[c3c7b28c-ae83-47af-8263-49b9625155cb] succeeded in 0.03794186000004629s: 'Monthly activity reports sent to all users.'
[2024-12-03 21:26:35,641: INFO/MainProcess] Task tasks.email_tasks.send_monthly_activity_reports[757b3299-b133-4e69-83f8-26e9d2629a20] received
[2024-12-03 21:26:35,677: INFO/ForkPoolWorker-7] Task tasks.email_tasks.send_monthly_activity_reports[757b3299-b133-4e69-83f8-26e9d2629a20] succeeded in 0.03324597399978302s: 'Monthly activity reports sent to all users.'
[2024-12-03 21:26:40,641: INFO/MainProcess] Task tasks.email_tasks.send_monthly_activity_reports[8872398c-8ab3-425f-b008-66724c1ecd9d] received
[2024-12-03 21:26:40,688: INFO/ForkPoolWorker-7] Task tasks.email_tasks.send_monthly_activity_reports[8872398c-8ab3-425f-b008-66724c1ecd9d] succeeded in 0.045618184999966616s: 'Monthly activity reports sent to all users.'
[2024-12-03 21:26:45,641: INFO/MainProcess] Task tasks.email_tasks.send_monthly_activity_reports[463c48f6-75d6-42ba-85b6-cfee5e8999af] received
[2024-12-03 21:26:45,677: INFO/ForkPoolWorker-7] Task tasks.email_tasks.send_monthly_activity_reports[463c48f6-75d6-42ba-85b6-cfee5e8999af] succeeded in 0.03360251899994182s: 'Monthly activity reports sent to all users.'
[2024-12-03 21:26:50,641: INFO/MainProcess] Task tasks.email_tasks.send_monthly_activity_reports[3937696f-52ec-465e-9d6d-0836f37fc3d4] received
[2024-12-03 21:26:50,680: INFO/ForkPoolWorker-7] Task tasks.email_tasks.send_monthly_activity_reports[3937696f-52ec-465e-9d6d-0836f37fc3d4] succeeded in 0.03754892900019513s: 'Monthly activity reports sent to all users.'
[2024-12-03 21:26:55,641: INFO/MainProcess] Task tasks.email_tasks.send_monthly_activity_reports[43d54ed6-1a82-475d-aa25-9f7cb78a73d3] received
[2024-12-03 21:26:55,681: INFO/ForkPoolWorker-7] Task tasks.email_tasks.send_monthly_activity_reports[43d54ed6-1a82-475d-aa25-9f7cb78a73d3] succeeded in 0.03851714299980813s: 'Monthly activity reports sent to all users.'
[2024-12-03 21:27:00,641: INFO/MainProcess] Task tasks.email_tasks.send_monthly_activity_reports[8550472c-4b59-44af-9332-34bcf2aacb8d] received
[2024-12-03 21:27:00,682: INFO/ForkPoolWorker-7] Task tasks.email_tasks.send_monthly_activity_reports[8550472c-4b59-44af-9332-34bcf2aacb8d] succeeded in 0.0382178689999364s: 'Monthly activity reports sent to all users.'
[2024-12-03 21:27:05,641: INFO/MainProcess] Task tasks.email_tasks.send_monthly_activity_reports[80c57a43-db9b-4702-9887-e3b34200d3c7] received
[2024-12-03 21:27:05,679: INFO/ForkPoolWorker-7] Task tasks.email_tasks.send_monthly_activity_reports[80c57a43-db9b-4702-9887-e3b34200d3c7] succeeded in 0.036386758999924496s: 'Monthly activity reports sent to all users.'
[2024-12-03 21:27:10,641: INFO/MainProcess] Task tasks.email_tasks.send_monthly_activity_reports[f8c1c23f-0f7e-41da-a4d4-e787b16adba5] received
[2024-12-03 21:27:10,682: INFO/ForkPoolWorker-7] Task tasks.email_tasks.send_monthly_activity_reports[f8c1c23f-0f7e-41da-a4d4-e787b16adba5] succeeded in 0.039685032000079445s: 'Monthly activity reports sent to all users.'
[2024-12-03 21:27:11,787: INFO/MainProcess] Task tasks.email_tasks.notify_professionals_of_pending_requests[b839552c-1f6f-4260-b164-849e43940cef] received
[2024-12-03 21:27:11,802: INFO/ForkPoolWorker-7] Task tasks.email_tasks.notify_professionals_of_pending_requests[b839552c-1f6f-4260-b164-849e43940cef] succeeded in 0.013726360999953613s: 'Emails sent to professionals with pending requests.'
[2024-12-03 21:27:15,641: INFO/MainProcess] Task tasks.email_tasks.send_monthly_activity_reports[8e5ef38e-813f-4344-b69f-00abfa0bc3a3] received
[2024-12-03 21:27:15,680: INFO/ForkPoolWorker-7] Task tasks.email_tasks.send_monthly_activity_reports[8e5ef38e-813f-4344-b69f-00abfa0bc3a3] succeeded in 0.037856164000004355s: 'Monthly activity reports sent to all users.'
[2024-12-03 21:27:20,641: INFO/MainProcess] Task tasks.email_tasks.send_monthly_activity_reports[4a6b3342-61fa-44fd-8050-8a15b294c8a7] received
[2024-12-03 21:27:20,677: INFO/ForkPoolWorker-7] Task tasks.email_tasks.send_monthly_activity_reports[4a6b3342-61fa-44fd-8050-8a15b294c8a7] succeeded in 0.03422945600004823s: 'Monthly activity reports sent to all users.'
[2024-12-03 21:27:25,641: INFO/MainProcess] Task tasks.email_tasks.send_monthly_activity_reports[be0044d2-8799-4905-bd17-1552b1dc168b] received
[2024-12-03 21:27:25,679: INFO/ForkPoolWorker-7] Task tasks.email_tasks.send_monthly_activity_reports[be0044d2-8799-4905-bd17-1552b1dc168b] succeeded in 0.03559986100003698s: 'Monthly activity reports sent to all users.'
[2024-12-03 21:27:30,641: INFO/MainProcess] Task tasks.email_tasks.send_monthly_activity_reports[7a67d604-1b51-45f6-a280-41a5a3c95d6a] received
[2024-12-03 21:27:30,685: INFO/ForkPoolWorker-7] Task tasks.email_tasks.send_monthly_activity_reports[7a67d604-1b51-45f6-a280-41a5a3c95d6a] succeeded in 0.04118271399988771s: 'Monthly activity reports sent to all users.'
[2024-12-03 21:27:35,641: INFO/MainProcess] Task tasks.email_tasks.send_monthly_activity_reports[db1eaaf7-1945-4d8f-ac14-74018780d4e5] received
[2024-12-03 21:27:35,681: INFO/ForkPoolWorker-7] Task tasks.email_tasks.send_monthly_activity_reports[db1eaaf7-1945-4d8f-ac14-74018780d4e5] succeeded in 0.03753987799996139s: 'Monthly activity reports sent to all users.'
[2024-12-03 21:27:40,641: INFO/MainProcess] Task tasks.email_tasks.send_monthly_activity_reports[615dc981-96c8-43cd-b559-dc248c07551e] received
[2024-12-03 21:27:40,678: INFO/ForkPoolWorker-7] Task tasks.email_tasks.send_monthly_activity_reports[615dc981-96c8-43cd-b559-dc248c07551e] succeeded in 0.03398792899997716s: 'Monthly activity reports sent to all users.'
[2024-12-03 21:27:45,641: INFO/MainProcess] Task tasks.email_tasks.send_monthly_activity_reports[a5828cda-0aba-452f-a8fa-de3d16bcb9f8] received
[2024-12-03 21:27:45,685: INFO/ForkPoolWorker-7] Task tasks.email_tasks.send_monthly_activity_reports[a5828cda-0aba-452f-a8fa-de3d16bcb9f8] succeeded in 0.041301938000060545s: 'Monthly activity reports sent to all users.'
[2024-12-03 21:27:50,642: INFO/MainProcess] Task tasks.email_tasks.send_monthly_activity_reports[c13bfdb1-6e52-454c-8d23-b3c4ed68e780] received
[2024-12-03 21:27:50,688: INFO/ForkPoolWorker-7] Task tasks.email_tasks.send_monthly_activity_reports[c13bfdb1-6e52-454c-8d23-b3c4ed68e780] succeeded in 0.04461319300003197s: 'Monthly activity reports sent to all users.'
[2024-12-03 21:27:55,641: INFO/MainProcess] Task tasks.email_tasks.send_monthly_activity_reports[6c7e4305-6b28-476a-ab59-b4b455122eed] received
[2024-12-03 21:27:55,674: INFO/ForkPoolWorker-7] Task tasks.email_tasks.send_monthly_activity_reports[6c7e4305-6b28-476a-ab59-b4b455122eed] succeeded in 0.03161798299993279s: 'Monthly activity reports sent to all users.'
[2024-12-03 21:28:00,641: INFO/MainProcess] Task tasks.email_tasks.send_monthly_activity_reports[80b48310-f63f-4dd5-a733-ff1b1d4930ff] received
[2024-12-03 21:28:00,681: INFO/ForkPoolWorker-7] Task tasks.email_tasks.send_monthly_activity_reports[80b48310-f63f-4dd5-a733-ff1b1d4930ff] succeeded in 0.03645804500001759s: 'Monthly activity reports sent to all users.'
[2024-12-03 21:28:05,641: INFO/MainProcess] Task tasks.email_tasks.send_monthly_activity_reports[a7e5ee0b-c1fd-4539-ae3c-b43e8ea5c8e6] received
[2024-12-03 21:28:05,685: INFO/ForkPoolWorker-7] Task tasks.email_tasks.send_monthly_activity_reports[a7e5ee0b-c1fd-4539-ae3c-b43e8ea5c8e6] succeeded in 0.042463852000082625s: 'Monthly activity reports sent to all users.'
[2024-12-03 21:28:10,641: INFO/MainProcess] Task tasks.email_tasks.send_monthly_activity_reports[23ab1a9f-3224-481c-8d6d-1641e7ae316b] received
[2024-12-03 21:28:10,679: INFO/ForkPoolWorker-7] Task tasks.email_tasks.send_monthly_activity_reports[23ab1a9f-3224-481c-8d6d-1641e7ae316b] succeeded in 0.037085884999896734s: 'Monthly activity reports sent to all users.'
[2024-12-03 21:28:15,642: INFO/MainProcess] Task tasks.email_tasks.send_monthly_activity_reports[0bbf4797-0b95-480a-93dc-8b38eae78ee1] received
[2024-12-03 21:28:15,719: INFO/ForkPoolWorker-7] Task tasks.email_tasks.send_monthly_activity_reports[0bbf4797-0b95-480a-93dc-8b38eae78ee1] succeeded in 0.07445231099995908s: 'Monthly activity reports sent to all users.'
[2024-12-03 21:28:20,642: INFO/MainProcess] Task tasks.email_tasks.send_monthly_activity_reports[451c01de-ad71-417e-b184-f58047c0c122] received
[2024-12-03 21:28:20,683: INFO/ForkPoolWorker-7] Task tasks.email_tasks.send_monthly_activity_reports[451c01de-ad71-417e-b184-f58047c0c122] succeeded in 0.038539810999964175s: 'Monthly activity reports sent to all users.'
[2024-12-03 21:28:25,641: INFO/MainProcess] Task tasks.email_tasks.send_monthly_activity_reports[4e0d3faf-9565-43c6-b198-aed5cdfb96f1] received
[2024-12-03 21:28:25,683: INFO/ForkPoolWorker-7] Task tasks.email_tasks.send_monthly_activity_reports[4e0d3faf-9565-43c6-b198-aed5cdfb96f1] succeeded in 0.04025808100004724s: 'Monthly activity reports sent to all users.'
[2024-12-03 21:28:30,642: INFO/MainProcess] Task tasks.email_tasks.send_monthly_activity_reports[47756349-eb54-48c6-9b81-e7bec1ab141e] received
[2024-12-03 21:28:30,678: INFO/ForkPoolWorker-7] Task tasks.email_tasks.send_monthly_activity_reports[47756349-eb54-48c6-9b81-e7bec1ab141e] succeeded in 0.033954683000047226s: 'Monthly activity reports sent to all users.'
[2024-12-03 21:28:35,642: INFO/MainProcess] Task tasks.email_tasks.send_monthly_activity_reports[9a276276-d6ce-496b-81b6-f38b744d9cb1] received
[2024-12-03 21:28:35,679: INFO/ForkPoolWorker-7] Task tasks.email_tasks.send_monthly_activity_reports[9a276276-d6ce-496b-81b6-f38b744d9cb1] succeeded in 0.03522444500003985s: 'Monthly activity reports sent to all users.'
[2024-12-03 21:28:40,642: INFO/MainProcess] Task tasks.email_tasks.send_monthly_activity_reports[d54ed2ae-7f4b-439b-8d5d-597b5b7df984] received
[2024-12-03 21:28:40,679: INFO/ForkPoolWorker-7] Task tasks.email_tasks.send_monthly_activity_reports[d54ed2ae-7f4b-439b-8d5d-597b5b7df984] succeeded in 0.036080217999824526s: 'Monthly activity reports sent to all users.'
[2024-12-03 21:28:45,642: INFO/MainProcess] Task tasks.email_tasks.send_monthly_activity_reports[8e9ca9a9-b079-4630-a092-ac2ab6b1b23b] received
[2024-12-03 21:28:45,686: INFO/ForkPoolWorker-7] Task tasks.email_tasks.send_monthly_activity_reports[8e9ca9a9-b079-4630-a092-ac2ab6b1b23b] succeeded in 0.042260875000010856s: 'Monthly activity reports sent to all users.'
[2024-12-03 21:28:50,641: INFO/MainProcess] Task tasks.email_tasks.send_monthly_activity_reports[74d35132-cc67-47e5-9807-e90c2381d63a] received
[2024-12-03 21:28:50,676: INFO/ForkPoolWorker-7] Task tasks.email_tasks.send_monthly_activity_reports[74d35132-cc67-47e5-9807-e90c2381d63a] succeeded in 0.03359156700003041s: 'Monthly activity reports sent to all users.'
[2024-12-03 21:28:55,641: INFO/MainProcess] Task tasks.email_tasks.send_monthly_activity_reports[96c15666-0faf-4fba-84fa-43c490cc1562] received
[2024-12-03 21:28:55,678: INFO/ForkPoolWorker-7] Task tasks.email_tasks.send_monthly_activity_reports[96c15666-0faf-4fba-84fa-43c490cc1562] succeeded in 0.035588787000051525s: 'Monthly activity reports sent to all users.'
[2024-12-03 21:29:00,641: INFO/MainProcess] Task tasks.email_tasks.send_monthly_activity_reports[e025cd03-aec5-43c8-9528-8b1c9336f324] received
[2024-12-03 21:29:00,680: INFO/ForkPoolWorker-7] Task tasks.email_tasks.send_monthly_activity_reports[e025cd03-aec5-43c8-9528-8b1c9336f324] succeeded in 0.03658447900011197s: 'Monthly activity reports sent to all users.'
[2024-12-03 21:29:05,641: INFO/MainProcess] Task tasks.email_tasks.send_monthly_activity_reports[d1688b30-e0dc-465f-82b9-af9696f743f2] received
[2024-12-03 21:29:05,683: INFO/ForkPoolWorker-7] Task tasks.email_tasks.send_monthly_activity_reports[d1688b30-e0dc-465f-82b9-af9696f743f2] succeeded in 0.039507575000016004s: 'Monthly activity reports sent to all users.'
[2024-12-03 21:29:10,642: INFO/MainProcess] Task tasks.email_tasks.send_monthly_activity_reports[1fb1c13e-2984-4445-9a75-1da893b2cfc2] received
[2024-12-03 21:29:10,683: INFO/ForkPoolWorker-7] Task tasks.email_tasks.send_monthly_activity_reports[1fb1c13e-2984-4445-9a75-1da893b2cfc2] succeeded in 0.03930339299995467s: 'Monthly activity reports sent to all users.'
[2024-12-03 21:29:15,641: INFO/MainProcess] Task tasks.email_tasks.send_monthly_activity_reports[a09f2c98-4782-465d-a855-b2b3ddc7c448] received
[2024-12-03 21:29:15,679: INFO/ForkPoolWorker-7] Task tasks.email_tasks.send_monthly_activity_reports[a09f2c98-4782-465d-a855-b2b3ddc7c448] succeeded in 0.0358833580000919s: 'Monthly activity reports sent to all users.'
[2024-12-03 21:29:20,642: INFO/MainProcess] Task tasks.email_tasks.send_monthly_activity_reports[cc56f6ed-51f4-4440-b8bc-a6a26459407b] received
[2024-12-03 21:29:20,685: INFO/ForkPoolWorker-7] Task tasks.email_tasks.send_monthly_activity_reports[cc56f6ed-51f4-4440-b8bc-a6a26459407b] succeeded in 0.04188032999991265s: 'Monthly activity reports sent to all users.'
[2024-12-03 21:29:25,642: INFO/MainProcess] Task tasks.email_tasks.send_monthly_activity_reports[e82d42be-aa19-4626-937e-74cc61b85762] received
[2024-12-03 21:29:25,689: INFO/ForkPoolWorker-7] Task tasks.email_tasks.send_monthly_activity_reports[e82d42be-aa19-4626-937e-74cc61b85762] succeeded in 0.04573598799993306s: 'Monthly activity reports sent to all users.'
[2024-12-03 21:29:30,642: INFO/MainProcess] Task tasks.email_tasks.send_monthly_activity_reports[8b29c178-1adb-46c1-adc2-dbb183d7bbfd] received
[2024-12-03 21:29:30,695: INFO/ForkPoolWorker-7] Task tasks.email_tasks.send_monthly_activity_reports[8b29c178-1adb-46c1-adc2-dbb183d7bbfd] succeeded in 0.04989247299999988s: 'Monthly activity reports sent to all users.'
[2024-12-03 21:29:35,642: INFO/MainProcess] Task tasks.email_tasks.send_monthly_activity_reports[cc6c4280-8ce2-43cb-97fe-518198794b5e] received
[2024-12-03 21:29:35,686: INFO/ForkPoolWorker-7] Task tasks.email_tasks.send_monthly_activity_reports[cc6c4280-8ce2-43cb-97fe-518198794b5e] succeeded in 0.041539353999951345s: 'Monthly activity reports sent to all users.'
[2024-12-03 21:29:40,643: INFO/MainProcess] Task tasks.email_tasks.send_monthly_activity_reports[d8b11219-e5c3-44cb-91c4-b46cc6d66069] received
[2024-12-03 21:29:40,694: INFO/ForkPoolWorker-7] Task tasks.email_tasks.send_monthly_activity_reports[d8b11219-e5c3-44cb-91c4-b46cc6d66069] succeeded in 0.048467103000120915s: 'Monthly activity reports sent to all users.'
[2024-12-03 21:29:41,788: INFO/MainProcess] Task tasks.email_tasks.notify_professionals_of_pending_requests[ce9d7303-9688-410c-9fff-f5e9a3a18f58] received
[2024-12-03 21:29:41,826: INFO/ForkPoolWorker-7] Task tasks.email_tasks.notify_professionals_of_pending_requests[ce9d7303-9688-410c-9fff-f5e9a3a18f58] succeeded in 0.03302779800014832s: 'Emails sent to professionals with pending requests.'
[2024-12-03 21:29:45,642: INFO/MainProcess] Task tasks.email_tasks.send_monthly_activity_reports[cbb63215-2a94-434b-b07a-f7e369145bcd] received
[2024-12-03 21:29:45,679: INFO/ForkPoolWorker-7] Task tasks.email_tasks.send_monthly_activity_reports[cbb63215-2a94-434b-b07a-f7e369145bcd] succeeded in 0.03633797499992397s: 'Monthly activity reports sent to all users.'
[2024-12-03 21:29:50,642: INFO/MainProcess] Task tasks.email_tasks.send_monthly_activity_reports[0317629d-3dc7-4de4-bec7-ebeff9e5d750] received
[2024-12-03 21:29:50,700: INFO/ForkPoolWorker-7] Task tasks.email_tasks.send_monthly_activity_reports[0317629d-3dc7-4de4-bec7-ebeff9e5d750] succeeded in 0.05607810599985896s: 'Monthly activity reports sent to all users.'
[2024-12-03 21:29:55,642: INFO/MainProcess] Task tasks.email_tasks.send_monthly_activity_reports[79c5abbe-a9dc-4526-8a52-4d11c9af7112] received
[2024-12-03 21:29:55,688: INFO/ForkPoolWorker-7] Task tasks.email_tasks.send_monthly_activity_reports[79c5abbe-a9dc-4526-8a52-4d11c9af7112] succeeded in 0.04382458400004907s: 'Monthly activity reports sent to all users.'
[2024-12-03 21:30:00,642: INFO/MainProcess] Task tasks.email_tasks.send_monthly_activity_reports[897087c1-5d4a-4cb6-a674-b422ab028e8f] received
[2024-12-03 21:30:00,685: INFO/ForkPoolWorker-7] Task tasks.email_tasks.send_monthly_activity_reports[897087c1-5d4a-4cb6-a674-b422ab028e8f] succeeded in 0.04192874099999244s: 'Monthly activity reports sent to all users.'
[2024-12-03 21:30:05,642: INFO/MainProcess] Task tasks.email_tasks.send_monthly_activity_reports[09ad17d6-817c-4862-b76c-f92d222ad8d8] received
[2024-12-03 21:30:05,686: INFO/ForkPoolWorker-7] Task tasks.email_tasks.send_monthly_activity_reports[09ad17d6-817c-4862-b76c-f92d222ad8d8] succeeded in 0.042049235999911616s: 'Monthly activity reports sent to all users.'
[2024-12-03 21:30:10,642: INFO/MainProcess] Task tasks.email_tasks.send_monthly_activity_reports[225fa922-42ad-4b5b-9d61-7a69085fc8bf] received
[2024-12-03 21:30:10,689: INFO/ForkPoolWorker-7] Task tasks.email_tasks.send_monthly_activity_reports[225fa922-42ad-4b5b-9d61-7a69085fc8bf] succeeded in 0.04492594600014854s: 'Monthly activity reports sent to all users.'
[2024-12-03 21:30:15,642: INFO/MainProcess] Task tasks.email_tasks.send_monthly_activity_reports[df3164ed-1ea3-4f9a-8a21-20c45335a13a] received
[2024-12-03 21:30:15,685: INFO/ForkPoolWorker-7] Task tasks.email_tasks.send_monthly_activity_reports[df3164ed-1ea3-4f9a-8a21-20c45335a13a] succeeded in 0.040939902999980404s: 'Monthly activity reports sent to all users.'
[2024-12-03 21:30:20,642: INFO/MainProcess] Task tasks.email_tasks.send_monthly_activity_reports[30e25b3f-3d25-45ef-91f9-db7fbd447f1f] received
[2024-12-03 21:30:20,681: INFO/ForkPoolWorker-7] Task tasks.email_tasks.send_monthly_activity_reports[30e25b3f-3d25-45ef-91f9-db7fbd447f1f] succeeded in 0.0373395490000803s: 'Monthly activity reports sent to all users.'
[2024-12-03 21:30:25,642: INFO/MainProcess] Task tasks.email_tasks.send_monthly_activity_reports[0cfe863f-2fef-4dd8-aae9-c9a4380d083c] received
[2024-12-03 21:30:25,687: INFO/ForkPoolWorker-7] Task tasks.email_tasks.send_monthly_activity_reports[0cfe863f-2fef-4dd8-aae9-c9a4380d083c] succeeded in 0.043186371000047075s: 'Monthly activity reports sent to all users.'
[2024-12-03 21:30:30,642: INFO/MainProcess] Task tasks.email_tasks.send_monthly_activity_reports[c2f5b406-add3-4083-9c92-4eae6d90b273] received
[2024-12-03 21:30:30,679: INFO/ForkPoolWorker-7] Task tasks.email_tasks.send_monthly_activity_reports[c2f5b406-add3-4083-9c92-4eae6d90b273] succeeded in 0.03482248000000254s: 'Monthly activity reports sent to all users.'
[2024-12-03 21:30:35,642: INFO/MainProcess] Task tasks.email_tasks.send_monthly_activity_reports[da566882-591c-43a9-9ebe-41abddd29a1d] received
[2024-12-03 21:30:35,685: INFO/ForkPoolWorker-7] Task tasks.email_tasks.send_monthly_activity_reports[da566882-591c-43a9-9ebe-41abddd29a1d] succeeded in 0.04181588200003716s: 'Monthly activity reports sent to all users.'
[2024-12-03 21:30:40,642: INFO/MainProcess] Task tasks.email_tasks.send_monthly_activity_reports[e1b90998-968b-4605-9d1e-9edf9f8f55c0] received
[2024-12-03 21:30:40,678: INFO/ForkPoolWorker-7] Task tasks.email_tasks.send_monthly_activity_reports[e1b90998-968b-4605-9d1e-9edf9f8f55c0] succeeded in 0.03498780400013857s: 'Monthly activity reports sent to all users.'
[2024-12-03 21:30:45,642: INFO/MainProcess] Task tasks.email_tasks.send_monthly_activity_reports[bff6a84a-9e58-4356-9d8c-210d83c59239] received
[2024-12-03 21:30:45,689: INFO/ForkPoolWorker-7] Task tasks.email_tasks.send_monthly_activity_reports[bff6a84a-9e58-4356-9d8c-210d83c59239] succeeded in 0.04492396700015888s: 'Monthly activity reports sent to all users.'
[2024-12-03 21:30:50,642: INFO/MainProcess] Task tasks.email_tasks.send_monthly_activity_reports[7851d276-6b31-4d95-ada4-c0927e8a9889] received
[2024-12-03 21:30:50,674: INFO/ForkPoolWorker-7] Task tasks.email_tasks.send_monthly_activity_reports[7851d276-6b31-4d95-ada4-c0927e8a9889] succeeded in 0.031355974000007336s: 'Monthly activity reports sent to all users.'
[2024-12-03 21:30:55,641: INFO/MainProcess] Task tasks.email_tasks.send_monthly_activity_reports[33d2ee4d-c4e3-4152-97af-3e8c55756464] received
[2024-12-03 21:30:55,674: INFO/ForkPoolWorker-7] Task tasks.email_tasks.send_monthly_activity_reports[33d2ee4d-c4e3-4152-97af-3e8c55756464] succeeded in 0.030620969999972658s: 'Monthly activity reports sent to all users.'
[2024-12-03 21:31:00,642: INFO/MainProcess] Task tasks.email_tasks.send_monthly_activity_reports[13b237ba-63b6-459c-86f6-e6a9ad09e201] received
[2024-12-03 21:31:00,684: INFO/ForkPoolWorker-7] Task tasks.email_tasks.send_monthly_activity_reports[13b237ba-63b6-459c-86f6-e6a9ad09e201] succeeded in 0.040114687999903254s: 'Monthly activity reports sent to all users.'
[2024-12-03 21:31:05,643: INFO/MainProcess] Task tasks.email_tasks.send_monthly_activity_reports[f3921a97-f33d-4a04-a505-007e2b767de1] received
[2024-12-03 21:31:05,675: INFO/ForkPoolWorker-7] Task tasks.email_tasks.send_monthly_activity_reports[f3921a97-f33d-4a04-a505-007e2b767de1] succeeded in 0.03093096899988268s: 'Monthly activity reports sent to all users.'
[2024-12-03 21:31:10,643: INFO/MainProcess] Task tasks.email_tasks.send_monthly_activity_reports[7e5e5be6-95d7-4a4b-a0c4-3a40584a60ed] received
[2024-12-03 21:31:10,682: INFO/ForkPoolWorker-7] Task tasks.email_tasks.send_monthly_activity_reports[7e5e5be6-95d7-4a4b-a0c4-3a40584a60ed] succeeded in 0.036805769000011423s: 'Monthly activity reports sent to all users.'
[2024-12-03 21:31:15,645: INFO/MainProcess] Task tasks.email_tasks.send_monthly_activity_reports[60b7efd8-4ad3-415c-8f03-96a122f145ad] received
[2024-12-03 21:31:15,689: INFO/ForkPoolWorker-7] Task tasks.email_tasks.send_monthly_activity_reports[60b7efd8-4ad3-415c-8f03-96a122f145ad] succeeded in 0.04259935899995071s: 'Monthly activity reports sent to all users.'
[2024-12-03 21:31:20,643: INFO/MainProcess] Task tasks.email_tasks.send_monthly_activity_reports[0510222f-ef3c-4fec-b55c-09b73b51e726] received
[2024-12-03 21:31:20,682: INFO/ForkPoolWorker-7] Task tasks.email_tasks.send_monthly_activity_reports[0510222f-ef3c-4fec-b55c-09b73b51e726] succeeded in 0.03733396300003733s: 'Monthly activity reports sent to all users.'
[2024-12-03 21:31:25,643: INFO/MainProcess] Task tasks.email_tasks.send_monthly_activity_reports[6ff96824-1a1e-459d-8f75-46f326a3a6e3] received
[2024-12-03 21:31:25,685: INFO/ForkPoolWorker-7] Task tasks.email_tasks.send_monthly_activity_reports[6ff96824-1a1e-459d-8f75-46f326a3a6e3] succeeded in 0.03987911499984875s: 'Monthly activity reports sent to all users.'
[2024-12-03 21:31:30,643: INFO/MainProcess] Task tasks.email_tasks.send_monthly_activity_reports[9b21699d-aedb-446a-94e7-d83594897842] received
[2024-12-03 21:31:30,687: INFO/ForkPoolWorker-7] Task tasks.email_tasks.send_monthly_activity_reports[9b21699d-aedb-446a-94e7-d83594897842] succeeded in 0.041668629000014334s: 'Monthly activity reports sent to all users.'
[2024-12-03 21:31:35,644: INFO/MainProcess] Task tasks.email_tasks.send_monthly_activity_reports[ac68c412-abd7-45a2-ab72-0d986aa77227] received
[2024-12-03 21:31:35,676: INFO/ForkPoolWorker-7] Task tasks.email_tasks.send_monthly_activity_reports[ac68c412-abd7-45a2-ab72-0d986aa77227] succeeded in 0.03155339999989337s: 'Monthly activity reports sent to all users.'
[2024-12-03 21:31:40,645: INFO/MainProcess] Task tasks.email_tasks.send_monthly_activity_reports[6cc99787-c3ae-46ee-b6ba-dcc28afa43ab] received
[2024-12-03 21:31:40,690: INFO/ForkPoolWorker-7] Task tasks.email_tasks.send_monthly_activity_reports[6cc99787-c3ae-46ee-b6ba-dcc28afa43ab] succeeded in 0.04232738399991831s: 'Monthly activity reports sent to all users.'
[2024-12-03 21:31:45,644: INFO/MainProcess] Task tasks.email_tasks.send_monthly_activity_reports[40af57c6-952a-4378-9ffd-55e679419a02] received
[2024-12-03 21:31:45,686: INFO/ForkPoolWorker-7] Task tasks.email_tasks.send_monthly_activity_reports[40af57c6-952a-4378-9ffd-55e679419a02] succeeded in 0.0405876370000442s: 'Monthly activity reports sent to all users.'
[2024-12-03 21:31:50,643: INFO/MainProcess] Task tasks.email_tasks.send_monthly_activity_reports[0b2c80e4-1cf0-4032-a112-c6a8d5d6aec1] received
[2024-12-03 21:31:50,672: INFO/ForkPoolWorker-7] Task tasks.email_tasks.send_monthly_activity_reports[0b2c80e4-1cf0-4032-a112-c6a8d5d6aec1] succeeded in 0.02754230000005009s: 'Monthly activity reports sent to all users.'
[2024-12-03 21:31:55,644: INFO/MainProcess] Task tasks.email_tasks.send_monthly_activity_reports[0e8bbd72-ec05-42fb-9f34-c657fdac12b0] received
[2024-12-03 21:31:55,709: INFO/ForkPoolWorker-7] Task tasks.email_tasks.send_monthly_activity_reports[0e8bbd72-ec05-42fb-9f34-c657fdac12b0] succeeded in 0.06147526299992023s: 'Monthly activity reports sent to all users.'
[2024-12-03 21:32:00,643: INFO/MainProcess] Task tasks.email_tasks.send_monthly_activity_reports[9ee19700-b8c8-415a-88ce-8552d8c4733c] received
[2024-12-03 21:32:00,682: INFO/ForkPoolWorker-7] Task tasks.email_tasks.send_monthly_activity_reports[9ee19700-b8c8-415a-88ce-8552d8c4733c] succeeded in 0.03664772500019353s: 'Monthly activity reports sent to all users.'
[2024-12-03 21:32:05,644: INFO/MainProcess] Task tasks.email_tasks.send_monthly_activity_reports[d316b440-6129-4c2c-b993-0475d8889e1a] received
[2024-12-03 21:32:05,688: INFO/ForkPoolWorker-7] Task tasks.email_tasks.send_monthly_activity_reports[d316b440-6129-4c2c-b993-0475d8889e1a] succeeded in 0.04263270400019792s: 'Monthly activity reports sent to all users.'
[2024-12-03 21:32:10,644: INFO/MainProcess] Task tasks.email_tasks.send_monthly_activity_reports[e4b71efc-a819-48ad-aab0-88e22f75ca6e] received
[2024-12-03 21:32:10,690: INFO/ForkPoolWorker-7] Task tasks.email_tasks.send_monthly_activity_reports[e4b71efc-a819-48ad-aab0-88e22f75ca6e] succeeded in 0.04424546099994586s: 'Monthly activity reports sent to all users.'
[2024-12-03 21:32:11,787: INFO/MainProcess] Task tasks.email_tasks.notify_professionals_of_pending_requests[1c27a978-be03-4d1b-aa6f-02d23d5a5d1c] received
[2024-12-03 21:32:11,799: INFO/ForkPoolWorker-7] Task tasks.email_tasks.notify_professionals_of_pending_requests[1c27a978-be03-4d1b-aa6f-02d23d5a5d1c] succeeded in 0.010139903999970556s: 'Emails sent to professionals with pending requests.'
[2024-12-03 21:32:15,644: INFO/MainProcess] Task tasks.email_tasks.send_monthly_activity_reports[7d4ea642-46fd-4747-8f65-124602f419e8] received
[2024-12-03 21:32:15,682: INFO/ForkPoolWorker-7] Task tasks.email_tasks.send_monthly_activity_reports[7d4ea642-46fd-4747-8f65-124602f419e8] succeeded in 0.03629138599990256s: 'Monthly activity reports sent to all users.'
[2024-12-03 21:32:20,644: INFO/MainProcess] Task tasks.email_tasks.send_monthly_activity_reports[f21bd0e2-956e-4823-acac-fdfd41cc13ef] received
[2024-12-03 21:32:20,687: INFO/ForkPoolWorker-7] Task tasks.email_tasks.send_monthly_activity_reports[f21bd0e2-956e-4823-acac-fdfd41cc13ef] succeeded in 0.0410941489999459s: 'Monthly activity reports sent to all users.'
[2024-12-03 21:32:25,644: INFO/MainProcess] Task tasks.email_tasks.send_monthly_activity_reports[b8115417-c2b1-4d59-8890-ca90f43ec75d] received
[2024-12-03 21:32:25,691: INFO/ForkPoolWorker-7] Task tasks.email_tasks.send_monthly_activity_reports[b8115417-c2b1-4d59-8890-ca90f43ec75d] succeeded in 0.04467016500007048s: 'Monthly activity reports sent to all users.'
[2024-12-03 21:32:30,644: INFO/MainProcess] Task tasks.email_tasks.send_monthly_activity_reports[f92dc6d3-2e71-4d5e-bac9-8a62e8bebfa2] received
[2024-12-03 21:32:30,692: INFO/ForkPoolWorker-7] Task tasks.email_tasks.send_monthly_activity_reports[f92dc6d3-2e71-4d5e-bac9-8a62e8bebfa2] succeeded in 0.04657068200003778s: 'Monthly activity reports sent to all users.'
[2024-12-03 21:32:35,644: INFO/MainProcess] Task tasks.email_tasks.send_monthly_activity_reports[113886f0-a0e7-4b1d-82a0-1ef5807ef9e9] received
[2024-12-03 21:32:35,684: INFO/ForkPoolWorker-7] Task tasks.email_tasks.send_monthly_activity_reports[113886f0-a0e7-4b1d-82a0-1ef5807ef9e9] succeeded in 0.038049100000080216s: 'Monthly activity reports sent to all users.'
[2024-12-03 21:32:40,644: INFO/MainProcess] Task tasks.email_tasks.send_monthly_activity_reports[588a3b08-ed99-44f9-b9f6-10b41134a06d] received
[2024-12-03 21:32:40,687: INFO/ForkPoolWorker-7] Task tasks.email_tasks.send_monthly_activity_reports[588a3b08-ed99-44f9-b9f6-10b41134a06d] succeeded in 0.04097972800013849s: 'Monthly activity reports sent to all users.'
[2024-12-03 21:32:45,644: INFO/MainProcess] Task tasks.email_tasks.send_monthly_activity_reports[e55d370d-5182-4405-bddc-d2b5b2529d60] received
[2024-12-03 21:32:45,684: INFO/ForkPoolWorker-7] Task tasks.email_tasks.send_monthly_activity_reports[e55d370d-5182-4405-bddc-d2b5b2529d60] succeeded in 0.03841737700008707s: 'Monthly activity reports sent to all users.'
[2024-12-03 21:32:50,644: INFO/MainProcess] Task tasks.email_tasks.send_monthly_activity_reports[e12e196e-e1ef-41b9-8349-c053a8411ddf] received
[2024-12-03 21:32:50,691: INFO/ForkPoolWorker-7] Task tasks.email_tasks.send_monthly_activity_reports[e12e196e-e1ef-41b9-8349-c053a8411ddf] succeeded in 0.04527920600003199s: 'Monthly activity reports sent to all users.'
[2024-12-03 21:32:55,646: INFO/MainProcess] Task tasks.email_tasks.send_monthly_activity_reports[4d6da0e6-158b-4e6f-840e-4d26e384a165] received
[2024-12-03 21:32:55,687: INFO/ForkPoolWorker-7] Task tasks.email_tasks.send_monthly_activity_reports[4d6da0e6-158b-4e6f-840e-4d26e384a165] succeeded in 0.03923615799999425s: 'Monthly activity reports sent to all users.'
[2024-12-03 21:33:00,644: INFO/MainProcess] Task tasks.email_tasks.send_monthly_activity_reports[e3f19f9b-99fb-40e6-aa9e-0a8766e056ea] received
[2024-12-03 21:33:00,689: INFO/ForkPoolWorker-7] Task tasks.email_tasks.send_monthly_activity_reports[e3f19f9b-99fb-40e6-aa9e-0a8766e056ea] succeeded in 0.0440949339999861s: 'Monthly activity reports sent to all users.'
[2024-12-03 21:33:05,644: INFO/MainProcess] Task tasks.email_tasks.send_monthly_activity_reports[69104633-9eaf-404c-bb89-4119eb80cfca] received
[2024-12-03 21:33:05,689: INFO/ForkPoolWorker-7] Task tasks.email_tasks.send_monthly_activity_reports[69104633-9eaf-404c-bb89-4119eb80cfca] succeeded in 0.0431913979998626s: 'Monthly activity reports sent to all users.'
[2024-12-03 21:33:10,644: INFO/MainProcess] Task tasks.email_tasks.send_monthly_activity_reports[32056713-ac2c-43a3-b3cc-b66ed0d54dfd] received
[2024-12-03 21:33:10,693: INFO/ForkPoolWorker-7] Task tasks.email_tasks.send_monthly_activity_reports[32056713-ac2c-43a3-b3cc-b66ed0d54dfd] succeeded in 0.04708568399996693s: 'Monthly activity reports sent to all users.'
[2024-12-03 21:33:15,644: INFO/MainProcess] Task tasks.email_tasks.send_monthly_activity_reports[7ac87ee5-0804-40b1-ab57-f37f5ae4b092] received
[2024-12-03 21:33:15,683: INFO/ForkPoolWorker-7] Task tasks.email_tasks.send_monthly_activity_reports[7ac87ee5-0804-40b1-ab57-f37f5ae4b092] succeeded in 0.03716443600001185s: 'Monthly activity reports sent to all users.'
[2024-12-03 21:33:20,651: INFO/MainProcess] Task tasks.email_tasks.send_monthly_activity_reports[b7b2dd8b-e65f-475e-b465-414782590b00] received
[2024-12-03 21:33:20,693: INFO/ForkPoolWorker-7] Task tasks.email_tasks.send_monthly_activity_reports[b7b2dd8b-e65f-475e-b465-414782590b00] succeeded in 0.04039098099997318s: 'Monthly activity reports sent to all users.'
[2024-12-03 21:33:25,645: INFO/MainProcess] Task tasks.email_tasks.send_monthly_activity_reports[a8b04310-2670-428b-927f-50a6eafe48b3] received
[2024-12-03 21:33:25,686: INFO/ForkPoolWorker-7] Task tasks.email_tasks.send_monthly_activity_reports[a8b04310-2670-428b-927f-50a6eafe48b3] succeeded in 0.03832315199997538s: 'Monthly activity reports sent to all users.'
[2024-12-03 21:33:30,644: INFO/MainProcess] Task tasks.email_tasks.send_monthly_activity_reports[74f1b9c8-dcff-4568-91fc-dc6541a71579] received
[2024-12-03 21:33:30,681: INFO/ForkPoolWorker-7] Task tasks.email_tasks.send_monthly_activity_reports[74f1b9c8-dcff-4568-91fc-dc6541a71579] succeeded in 0.035825366999915786s: 'Monthly activity reports sent to all users.'
[2024-12-03 21:33:35,644: INFO/MainProcess] Task tasks.email_tasks.send_monthly_activity_reports[b000834f-2892-4055-befb-3c32968276d9] received
[2024-12-03 21:33:35,687: INFO/ForkPoolWorker-7] Task tasks.email_tasks.send_monthly_activity_reports[b000834f-2892-4055-befb-3c32968276d9] succeeded in 0.042025974999887694s: 'Monthly activity reports sent to all users.'
[2024-12-03 21:33:40,644: INFO/MainProcess] Task tasks.email_tasks.send_monthly_activity_reports[fcbdf26b-d09b-4084-aee9-ef22c0f9f56f] received
[2024-12-03 21:33:40,676: INFO/ForkPoolWorker-7] Task tasks.email_tasks.send_monthly_activity_reports[fcbdf26b-d09b-4084-aee9-ef22c0f9f56f] succeeded in 0.030825587999970594s: 'Monthly activity reports sent to all users.'
[2024-12-03 21:33:45,644: INFO/MainProcess] Task tasks.email_tasks.send_monthly_activity_reports[a0069a38-2939-4866-a8e7-a7efb3079246] received
[2024-12-03 21:33:45,691: INFO/ForkPoolWorker-7] Task tasks.email_tasks.send_monthly_activity_reports[a0069a38-2939-4866-a8e7-a7efb3079246] succeeded in 0.04471151899997494s: 'Monthly activity reports sent to all users.'
[2024-12-03 21:33:50,644: INFO/MainProcess] Task tasks.email_tasks.send_monthly_activity_reports[33006342-afef-466f-b14f-d0654e9b0ab1] received
[2024-12-03 21:33:50,689: INFO/ForkPoolWorker-7] Task tasks.email_tasks.send_monthly_activity_reports[33006342-afef-466f-b14f-d0654e9b0ab1] succeeded in 0.0442164999999477s: 'Monthly activity reports sent to all users.'
[2024-12-03 21:33:55,644: INFO/MainProcess] Task tasks.email_tasks.send_monthly_activity_reports[2f7cb1f3-e28d-429e-bc7b-32466eed6678] received
[2024-12-03 21:33:55,681: INFO/ForkPoolWorker-7] Task tasks.email_tasks.send_monthly_activity_reports[2f7cb1f3-e28d-429e-bc7b-32466eed6678] succeeded in 0.03571324399990772s: 'Monthly activity reports sent to all users.'
[2024-12-03 21:34:00,644: INFO/MainProcess] Task tasks.email_tasks.send_monthly_activity_reports[a2c2b7bc-919e-42ce-bb06-0c01d9ee9f76] received
[2024-12-03 21:34:00,688: INFO/ForkPoolWorker-7] Task tasks.email_tasks.send_monthly_activity_reports[a2c2b7bc-919e-42ce-bb06-0c01d9ee9f76] succeeded in 0.04238670500012631s: 'Monthly activity reports sent to all users.'
[2024-12-03 21:34:05,644: INFO/MainProcess] Task tasks.email_tasks.send_monthly_activity_reports[b8281d92-cd02-48c6-93c7-71dab8f2b3de] received
[2024-12-03 21:34:05,683: INFO/ForkPoolWorker-7] Task tasks.email_tasks.send_monthly_activity_reports[b8281d92-cd02-48c6-93c7-71dab8f2b3de] succeeded in 0.03672991300004469s: 'Monthly activity reports sent to all users.'
[2024-12-03 21:34:10,644: INFO/MainProcess] Task tasks.email_tasks.send_monthly_activity_reports[84baa84a-a828-4c2e-9778-b8317217a038] received
[2024-12-03 21:34:10,686: INFO/ForkPoolWorker-7] Task tasks.email_tasks.send_monthly_activity_reports[84baa84a-a828-4c2e-9778-b8317217a038] succeeded in 0.040013713000007556s: 'Monthly activity reports sent to all users.'
[2024-12-03 21:34:15,644: INFO/MainProcess] Task tasks.email_tasks.send_monthly_activity_reports[fe8fb6ec-23b7-4ee9-947b-67bf79e31631] received
[2024-12-03 21:34:15,682: INFO/ForkPoolWorker-7] Task tasks.email_tasks.send_monthly_activity_reports[fe8fb6ec-23b7-4ee9-947b-67bf79e31631] succeeded in 0.03689251699984197s: 'Monthly activity reports sent to all users.'
[2024-12-03 21:34:20,644: INFO/MainProcess] Task tasks.email_tasks.send_monthly_activity_reports[1c47fe92-1bb4-434c-8c18-a23a4a3f96ab] received
[2024-12-03 21:34:20,688: INFO/ForkPoolWorker-7] Task tasks.email_tasks.send_monthly_activity_reports[1c47fe92-1bb4-434c-8c18-a23a4a3f96ab] succeeded in 0.04135386300004029s: 'Monthly activity reports sent to all users.'
[2024-12-03 21:34:25,645: INFO/MainProcess] Task tasks.email_tasks.send_monthly_activity_reports[5aa3e0d6-d5ab-4c0d-a3cc-54ebcb4c34f0] received
[2024-12-03 21:34:25,682: INFO/ForkPoolWorker-7] Task tasks.email_tasks.send_monthly_activity_reports[5aa3e0d6-d5ab-4c0d-a3cc-54ebcb4c34f0] succeeded in 0.03478098799996587s: 'Monthly activity reports sent to all users.'
[2024-12-03 21:34:30,645: INFO/MainProcess] Task tasks.email_tasks.send_monthly_activity_reports[f91ea208-3238-4e23-85f4-ba57953bfa8b] received
[2024-12-03 21:34:30,686: INFO/ForkPoolWorker-7] Task tasks.email_tasks.send_monthly_activity_reports[f91ea208-3238-4e23-85f4-ba57953bfa8b] succeeded in 0.039745743999901606s: 'Monthly activity reports sent to all users.'
[2024-12-03 21:34:35,644: INFO/MainProcess] Task tasks.email_tasks.send_monthly_activity_reports[cdbb3b70-bd14-4100-853e-12215936eae2] received
[2024-12-03 21:34:35,690: INFO/ForkPoolWorker-7] Task tasks.email_tasks.send_monthly_activity_reports[cdbb3b70-bd14-4100-853e-12215936eae2] succeeded in 0.0439433320000262s: 'Monthly activity reports sent to all users.'
[2024-12-03 21:34:40,644: INFO/MainProcess] Task tasks.email_tasks.send_monthly_activity_reports[355c7a0a-f88e-4c7c-b7df-1924e846c418] received
[2024-12-03 21:34:40,681: INFO/ForkPoolWorker-7] Task tasks.email_tasks.send_monthly_activity_reports[355c7a0a-f88e-4c7c-b7df-1924e846c418] succeeded in 0.035214844999927664s: 'Monthly activity reports sent to all users.'
[2024-12-03 21:34:41,787: INFO/MainProcess] Task tasks.email_tasks.notify_professionals_of_pending_requests[13688762-beb7-4115-bc8c-12cf63659de7] received
[2024-12-03 21:34:41,798: INFO/ForkPoolWorker-7] Task tasks.email_tasks.notify_professionals_of_pending_requests[13688762-beb7-4115-bc8c-12cf63659de7] succeeded in 0.00911663200008661s: 'Emails sent to professionals with pending requests.'
[2024-12-03 21:34:45,644: INFO/MainProcess] Task tasks.email_tasks.send_monthly_activity_reports[f023f589-3ea0-43d7-a029-c0b45a900301] received
[2024-12-03 21:34:45,692: INFO/ForkPoolWorker-7] Task tasks.email_tasks.send_monthly_activity_reports[f023f589-3ea0-43d7-a029-c0b45a900301] succeeded in 0.04583317500009798s: 'Monthly activity reports sent to all users.'
[2024-12-03 21:34:50,644: INFO/MainProcess] Task tasks.email_tasks.send_monthly_activity_reports[23ebae5d-ec05-4814-bb47-05a386ab8030] received
[2024-12-03 21:34:50,680: INFO/ForkPoolWorker-7] Task tasks.email_tasks.send_monthly_activity_reports[23ebae5d-ec05-4814-bb47-05a386ab8030] succeeded in 0.03423769699998047s: 'Monthly activity reports sent to all users.'
[2024-12-03 21:34:55,644: INFO/MainProcess] Task tasks.email_tasks.send_monthly_activity_reports[735d0644-38d1-4a90-b07d-a740cbbff85b] received
[2024-12-03 21:34:55,690: INFO/ForkPoolWorker-7] Task tasks.email_tasks.send_monthly_activity_reports[735d0644-38d1-4a90-b07d-a740cbbff85b] succeeded in 0.045072737000054985s: 'Monthly activity reports sent to all users.'
[2024-12-03 21:35:00,644: INFO/MainProcess] Task tasks.email_tasks.send_monthly_activity_reports[ec8d0b9d-a774-4361-8112-7a251a238c4e] received
[2024-12-03 21:35:00,693: INFO/ForkPoolWorker-7] Task tasks.email_tasks.send_monthly_activity_reports[ec8d0b9d-a774-4361-8112-7a251a238c4e] succeeded in 0.04641353300007722s: 'Monthly activity reports sent to all users.'
[2024-12-03 21:35:05,645: INFO/MainProcess] Task tasks.email_tasks.send_monthly_activity_reports[8095a20b-8d3f-477b-ae95-a0e212621952] received
[2024-12-03 21:35:05,693: INFO/ForkPoolWorker-7] Task tasks.email_tasks.send_monthly_activity_reports[8095a20b-8d3f-477b-ae95-a0e212621952] succeeded in 0.04577151399985269s: 'Monthly activity reports sent to all users.'
[2024-12-03 21:35:10,644: INFO/MainProcess] Task tasks.email_tasks.send_monthly_activity_reports[de78c332-16b8-46b0-9bd7-ccdba8384e29] received
[2024-12-03 21:35:10,687: INFO/ForkPoolWorker-7] Task tasks.email_tasks.send_monthly_activity_reports[de78c332-16b8-46b0-9bd7-ccdba8384e29] succeeded in 0.0399330950001513s: 'Monthly activity reports sent to all users.'
[2024-12-03 21:35:15,644: INFO/MainProcess] Task tasks.email_tasks.send_monthly_activity_reports[5f5eb57b-9032-4127-b409-41210831af29] received
[2024-12-03 21:35:15,690: INFO/ForkPoolWorker-7] Task tasks.email_tasks.send_monthly_activity_reports[5f5eb57b-9032-4127-b409-41210831af29] succeeded in 0.043765680999968026s: 'Monthly activity reports sent to all users.'
[2024-12-03 21:35:20,644: INFO/MainProcess] Task tasks.email_tasks.send_monthly_activity_reports[3f1a33a9-2b10-4f1b-a5f2-1f62e0cdc989] received
[2024-12-03 21:35:20,678: INFO/ForkPoolWorker-7] Task tasks.email_tasks.send_monthly_activity_reports[3f1a33a9-2b10-4f1b-a5f2-1f62e0cdc989] succeeded in 0.031635022000045865s: 'Monthly activity reports sent to all users.'
[2024-12-03 21:35:25,644: INFO/MainProcess] Task tasks.email_tasks.send_monthly_activity_reports[de467064-3f6a-4ad1-9820-7b2e6d3ea439] received
[2024-12-03 21:35:25,691: INFO/ForkPoolWorker-7] Task tasks.email_tasks.send_monthly_activity_reports[de467064-3f6a-4ad1-9820-7b2e6d3ea439] succeeded in 0.04465716700019584s: 'Monthly activity reports sent to all users.'
[2024-12-03 21:35:30,645: INFO/MainProcess] Task tasks.email_tasks.send_monthly_activity_reports[a3cbbfc1-569a-4812-b5e3-4550ce69a57c] received
[2024-12-03 21:35:30,687: INFO/ForkPoolWorker-7] Task tasks.email_tasks.send_monthly_activity_reports[a3cbbfc1-569a-4812-b5e3-4550ce69a57c] succeeded in 0.03975214499996582s: 'Monthly activity reports sent to all users.'
[2024-12-03 21:35:35,644: INFO/MainProcess] Task tasks.email_tasks.send_monthly_activity_reports[6f8056e4-eedd-41c3-9dc8-8cb8723e3a84] received
[2024-12-03 21:35:35,683: INFO/ForkPoolWorker-7] Task tasks.email_tasks.send_monthly_activity_reports[6f8056e4-eedd-41c3-9dc8-8cb8723e3a84] succeeded in 0.03725667399999111s: 'Monthly activity reports sent to all users.'
[2024-12-03 21:35:40,645: INFO/MainProcess] Task tasks.email_tasks.send_monthly_activity_reports[fff520f8-820f-4e07-af9f-39ff2490ef62] received
[2024-12-03 21:35:40,685: INFO/ForkPoolWorker-7] Task tasks.email_tasks.send_monthly_activity_reports[fff520f8-820f-4e07-af9f-39ff2490ef62] succeeded in 0.03843767700004719s: 'Monthly activity reports sent to all users.'
[2024-12-03 21:35:45,645: INFO/MainProcess] Task tasks.email_tasks.send_monthly_activity_reports[b0b17913-39c5-4c2a-97ea-d5ba85de01c4] received
[2024-12-03 21:35:45,688: INFO/ForkPoolWorker-7] Task tasks.email_tasks.send_monthly_activity_reports[b0b17913-39c5-4c2a-97ea-d5ba85de01c4] succeeded in 0.04121963800002959s: 'Monthly activity reports sent to all users.'
[2024-12-03 21:35:50,644: INFO/MainProcess] Task tasks.email_tasks.send_monthly_activity_reports[58e6ada1-6cd1-451a-852f-8abd6d8ef488] received
[2024-12-03 21:35:50,690: INFO/ForkPoolWorker-7] Task tasks.email_tasks.send_monthly_activity_reports[58e6ada1-6cd1-451a-852f-8abd6d8ef488] succeeded in 0.04385467299994161s: 'Monthly activity reports sent to all users.'
[2024-12-03 21:35:55,644: INFO/MainProcess] Task tasks.email_tasks.send_monthly_activity_reports[db207c37-9b63-4458-8907-7d3a5d8a6835] received
[2024-12-03 21:35:55,682: INFO/ForkPoolWorker-7] Task tasks.email_tasks.send_monthly_activity_reports[db207c37-9b63-4458-8907-7d3a5d8a6835] succeeded in 0.03621294999993552s: 'Monthly activity reports sent to all users.'
[2024-12-03 21:36:00,644: INFO/MainProcess] Task tasks.email_tasks.send_monthly_activity_reports[081dbd8d-1408-4c1b-b263-37556dddfcfd] received
[2024-12-03 21:36:00,690: INFO/ForkPoolWorker-7] Task tasks.email_tasks.send_monthly_activity_reports[081dbd8d-1408-4c1b-b263-37556dddfcfd] succeeded in 0.043855652000047485s: 'Monthly activity reports sent to all users.'
[2024-12-03 21:36:05,645: INFO/MainProcess] Task tasks.email_tasks.send_monthly_activity_reports[2523f678-2bd2-4cf7-9fa9-5b46872958eb] received
[2024-12-03 21:36:05,691: INFO/ForkPoolWorker-7] Task tasks.email_tasks.send_monthly_activity_reports[2523f678-2bd2-4cf7-9fa9-5b46872958eb] succeeded in 0.0438394469999821s: 'Monthly activity reports sent to all users.'
[2024-12-03 21:36:10,644: INFO/MainProcess] Task tasks.email_tasks.send_monthly_activity_reports[28f03f70-91b6-4fb4-8e0e-4b29fac59c4c] received
[2024-12-03 21:36:10,677: INFO/ForkPoolWorker-7] Task tasks.email_tasks.send_monthly_activity_reports[28f03f70-91b6-4fb4-8e0e-4b29fac59c4c] succeeded in 0.031301040000016656s: 'Monthly activity reports sent to all users.'
[2024-12-03 21:36:15,645: INFO/MainProcess] Task tasks.email_tasks.send_monthly_activity_reports[a856a01c-061a-4bc2-9c03-e00b66ac0491] received
[2024-12-03 21:36:15,693: INFO/ForkPoolWorker-7] Task tasks.email_tasks.send_monthly_activity_reports[a856a01c-061a-4bc2-9c03-e00b66ac0491] succeeded in 0.04596338999999716s: 'Monthly activity reports sent to all users.'
[2024-12-03 21:36:20,645: INFO/MainProcess] Task tasks.email_tasks.send_monthly_activity_reports[e117806a-9b1a-4baf-ba73-5ec54c871023] received
[2024-12-03 21:36:20,695: INFO/ForkPoolWorker-7] Task tasks.email_tasks.send_monthly_activity_reports[e117806a-9b1a-4baf-ba73-5ec54c871023] succeeded in 0.04859985400003097s: 'Monthly activity reports sent to all users.'
[2024-12-03 21:36:25,644: INFO/MainProcess] Task tasks.email_tasks.send_monthly_activity_reports[2b7a7595-39ba-4457-9872-634c7d73791d] received
[2024-12-03 21:36:25,678: INFO/ForkPoolWorker-7] Task tasks.email_tasks.send_monthly_activity_reports[2b7a7595-39ba-4457-9872-634c7d73791d] succeeded in 0.032148056999858454s: 'Monthly activity reports sent to all users.'
[2024-12-03 21:36:30,645: INFO/MainProcess] Task tasks.email_tasks.send_monthly_activity_reports[e0098e9d-9c6a-49ca-bfcc-febb218c3af3] received
[2024-12-03 21:36:30,691: INFO/ForkPoolWorker-7] Task tasks.email_tasks.send_monthly_activity_reports[e0098e9d-9c6a-49ca-bfcc-febb218c3af3] succeeded in 0.044952886999908515s: 'Monthly activity reports sent to all users.'
[2024-12-03 21:36:35,645: INFO/MainProcess] Task tasks.email_tasks.send_monthly_activity_reports[8edabbca-5229-46ee-ae86-20b2c93f0418] received
[2024-12-03 21:36:35,692: INFO/ForkPoolWorker-7] Task tasks.email_tasks.send_monthly_activity_reports[8edabbca-5229-46ee-ae86-20b2c93f0418] succeeded in 0.04609393900000214s: 'Monthly activity reports sent to all users.'
[2024-12-03 21:36:40,645: INFO/MainProcess] Task tasks.email_tasks.send_monthly_activity_reports[3aac4e2a-b9b3-401b-a6f6-aac4c5fc8ed7] received
[2024-12-03 21:36:40,690: INFO/ForkPoolWorker-7] Task tasks.email_tasks.send_monthly_activity_reports[3aac4e2a-b9b3-401b-a6f6-aac4c5fc8ed7] succeeded in 0.04391670299992256s: 'Monthly activity reports sent to all users.'
[2024-12-03 21:36:45,645: INFO/MainProcess] Task tasks.email_tasks.send_monthly_activity_reports[1f7f704c-d05c-4f22-95db-c65d49afa062] received
[2024-12-03 21:36:45,692: INFO/ForkPoolWorker-7] Task tasks.email_tasks.send_monthly_activity_reports[1f7f704c-d05c-4f22-95db-c65d49afa062] succeeded in 0.044698956000047474s: 'Monthly activity reports sent to all users.'
[2024-12-03 21:36:50,645: INFO/MainProcess] Task tasks.email_tasks.send_monthly_activity_reports[156de638-d5ba-4820-9e85-cf01d8f97e2b] received
[2024-12-03 21:36:50,684: INFO/ForkPoolWorker-7] Task tasks.email_tasks.send_monthly_activity_reports[156de638-d5ba-4820-9e85-cf01d8f97e2b] succeeded in 0.03717235499993876s: 'Monthly activity reports sent to all users.'
[2024-12-03 21:36:55,644: INFO/MainProcess] Task tasks.email_tasks.send_monthly_activity_reports[250c2734-def5-4447-b156-d9c546906a6f] received
[2024-12-03 21:36:55,676: INFO/ForkPoolWorker-7] Task tasks.email_tasks.send_monthly_activity_reports[250c2734-def5-4447-b156-d9c546906a6f] succeeded in 0.030746098000008715s: 'Monthly activity reports sent to all users.'
[2024-12-03 21:37:00,646: INFO/MainProcess] Task tasks.email_tasks.send_monthly_activity_reports[0a3199ab-0fb3-4274-8396-7baf336fff31] received
[2024-12-03 21:37:00,718: INFO/ForkPoolWorker-7] Task tasks.email_tasks.send_monthly_activity_reports[0a3199ab-0fb3-4274-8396-7baf336fff31] succeeded in 0.06995117499991466s: 'Monthly activity reports sent to all users.'
[2024-12-03 21:37:05,647: INFO/MainProcess] Task tasks.email_tasks.send_monthly_activity_reports[0577cbbf-b5b9-4574-9829-334f378b8336] received
[2024-12-03 21:37:05,701: INFO/ForkPoolWorker-7] Task tasks.email_tasks.send_monthly_activity_reports[0577cbbf-b5b9-4574-9829-334f378b8336] succeeded in 0.051495344999921144s: 'Monthly activity reports sent to all users.'
[2024-12-03 21:37:10,652: INFO/MainProcess] Task tasks.email_tasks.send_monthly_activity_reports[24687742-648d-4998-af95-f47f0667d643] received
[2024-12-03 21:37:10,696: INFO/ForkPoolWorker-7] Task tasks.email_tasks.send_monthly_activity_reports[24687742-648d-4998-af95-f47f0667d643] succeeded in 0.042960160000120595s: 'Monthly activity reports sent to all users.'
[2024-12-03 21:37:11,787: INFO/MainProcess] Task tasks.email_tasks.notify_professionals_of_pending_requests[bc6a9623-ea61-429c-bae9-9c7c5cf5faa0] received
[2024-12-03 21:37:11,803: INFO/ForkPoolWorker-7] Task tasks.email_tasks.notify_professionals_of_pending_requests[bc6a9623-ea61-429c-bae9-9c7c5cf5faa0] succeeded in 0.013852332000169554s: 'Emails sent to professionals with pending requests.'
[2024-12-03 21:37:15,648: INFO/MainProcess] Task tasks.email_tasks.send_monthly_activity_reports[8ff378d4-0923-4872-95bc-bb3677880082] received
[2024-12-03 21:37:15,696: INFO/ForkPoolWorker-7] Task tasks.email_tasks.send_monthly_activity_reports[8ff378d4-0923-4872-95bc-bb3677880082] succeeded in 0.04608067200001642s: 'Monthly activity reports sent to all users.'
[2024-12-03 21:37:20,648: INFO/MainProcess] Task tasks.email_tasks.send_monthly_activity_reports[cf222573-a97c-4f80-b71c-f2c86fd21f10] received
[2024-12-03 21:37:20,690: INFO/ForkPoolWorker-7] Task tasks.email_tasks.send_monthly_activity_reports[cf222573-a97c-4f80-b71c-f2c86fd21f10] succeeded in 0.03937360199984141s: 'Monthly activity reports sent to all users.'
[2024-12-03 21:37:25,648: INFO/MainProcess] Task tasks.email_tasks.send_monthly_activity_reports[c7ea09d3-514a-441f-be8b-78ed13822b0d] received
[2024-12-03 21:37:25,682: INFO/ForkPoolWorker-7] Task tasks.email_tasks.send_monthly_activity_reports[c7ea09d3-514a-441f-be8b-78ed13822b0d] succeeded in 0.03261005099989234s: 'Monthly activity reports sent to all users.'
[2024-12-03 21:37:30,648: INFO/MainProcess] Task tasks.email_tasks.send_monthly_activity_reports[7856fabd-a4ad-4dd3-a317-2af49ec72378] received
[2024-12-03 21:37:30,687: INFO/ForkPoolWorker-7] Task tasks.email_tasks.send_monthly_activity_reports[7856fabd-a4ad-4dd3-a317-2af49ec72378] succeeded in 0.03657276800004183s: 'Monthly activity reports sent to all users.'
[2024-12-03 21:37:35,648: INFO/MainProcess] Task tasks.email_tasks.send_monthly_activity_reports[7a0bf0ca-a597-44ae-89fe-ef809f3c206e] received
[2024-12-03 21:37:35,691: INFO/ForkPoolWorker-7] Task tasks.email_tasks.send_monthly_activity_reports[7a0bf0ca-a597-44ae-89fe-ef809f3c206e] succeeded in 0.040808904999948936s: 'Monthly activity reports sent to all users.'
[2024-12-03 21:37:40,648: INFO/MainProcess] Task tasks.email_tasks.send_monthly_activity_reports[e878a358-be9b-4270-ba32-3dcadeb41c16] received
[2024-12-03 21:37:40,692: INFO/ForkPoolWorker-7] Task tasks.email_tasks.send_monthly_activity_reports[e878a358-be9b-4270-ba32-3dcadeb41c16] succeeded in 0.041825818999996045s: 'Monthly activity reports sent to all users.'
[2024-12-03 21:37:45,648: INFO/MainProcess] Task tasks.email_tasks.send_monthly_activity_reports[cef9c1e9-8a11-4041-b71f-02cd34edffab] received
[2024-12-03 21:37:45,694: INFO/ForkPoolWorker-7] Task tasks.email_tasks.send_monthly_activity_reports[cef9c1e9-8a11-4041-b71f-02cd34edffab] succeeded in 0.04195318300003237s: 'Monthly activity reports sent to all users.'
[2024-12-03 21:37:50,649: INFO/MainProcess] Task tasks.email_tasks.send_monthly_activity_reports[c695d600-f405-40a6-9415-cbd99029f9eb] received
[2024-12-03 21:37:50,698: INFO/ForkPoolWorker-7] Task tasks.email_tasks.send_monthly_activity_reports[c695d600-f405-40a6-9415-cbd99029f9eb] succeeded in 0.04611240000008365s: 'Monthly activity reports sent to all users.'
[2024-12-03 21:37:55,648: INFO/MainProcess] Task tasks.email_tasks.send_monthly_activity_reports[0d12aede-b610-44f4-b6e3-e5350b591da1] received
[2024-12-03 21:37:55,684: INFO/ForkPoolWorker-7] Task tasks.email_tasks.send_monthly_activity_reports[0d12aede-b610-44f4-b6e3-e5350b591da1] succeeded in 0.03451464499994472s: 'Monthly activity reports sent to all users.'
[2024-12-03 21:38:00,648: INFO/MainProcess] Task tasks.email_tasks.send_monthly_activity_reports[fc7addaa-f76d-493b-9215-07a8f805e23b] received
[2024-12-03 21:38:00,688: INFO/ForkPoolWorker-7] Task tasks.email_tasks.send_monthly_activity_reports[fc7addaa-f76d-493b-9215-07a8f805e23b] succeeded in 0.037628671999982544s: 'Monthly activity reports sent to all users.'
[2024-12-03 21:38:05,648: INFO/MainProcess] Task tasks.email_tasks.send_monthly_activity_reports[fbbe7af4-5092-49b7-a6d7-795f553fa6aa] received
[2024-12-03 21:38:05,681: INFO/ForkPoolWorker-7] Task tasks.email_tasks.send_monthly_activity_reports[fbbe7af4-5092-49b7-a6d7-795f553fa6aa] succeeded in 0.03192372900002738s: 'Monthly activity reports sent to all users.'
[2024-12-03 21:38:10,648: INFO/MainProcess] Task tasks.email_tasks.send_monthly_activity_reports[0524e9fe-9688-4698-ada1-eb30aef93cd3] received
[2024-12-03 21:38:10,686: INFO/ForkPoolWorker-7] Task tasks.email_tasks.send_monthly_activity_reports[0524e9fe-9688-4698-ada1-eb30aef93cd3] succeeded in 0.03507095199984178s: 'Monthly activity reports sent to all users.'
[2024-12-03 21:38:15,648: INFO/MainProcess] Task tasks.email_tasks.send_monthly_activity_reports[9a785ee0-4a9c-4ac5-9828-1cf11b11eb3f] received
[2024-12-03 21:38:15,682: INFO/ForkPoolWorker-7] Task tasks.email_tasks.send_monthly_activity_reports[9a785ee0-4a9c-4ac5-9828-1cf11b11eb3f] succeeded in 0.033178106000150365s: 'Monthly activity reports sent to all users.'
[2024-12-03 21:38:20,648: INFO/MainProcess] Task tasks.email_tasks.send_monthly_activity_reports[3df5b6d6-1a02-43f4-8601-985495d2055b] received
[2024-12-03 21:38:20,687: INFO/ForkPoolWorker-7] Task tasks.email_tasks.send_monthly_activity_reports[3df5b6d6-1a02-43f4-8601-985495d2055b] succeeded in 0.03580694499987658s: 'Monthly activity reports sent to all users.'
[2024-12-03 21:38:25,648: INFO/MainProcess] Task tasks.email_tasks.send_monthly_activity_reports[bbd8baa0-98eb-43c5-967b-4635019301b6] received
[2024-12-03 21:38:25,688: INFO/ForkPoolWorker-7] Task tasks.email_tasks.send_monthly_activity_reports[bbd8baa0-98eb-43c5-967b-4635019301b6] succeeded in 0.03704860799984999s: 'Monthly activity reports sent to all users.'
[2024-12-03 21:38:30,648: INFO/MainProcess] Task tasks.email_tasks.send_monthly_activity_reports[e7d09d81-eae0-42dd-bb33-69d79e0c0204] received
[2024-12-03 21:38:30,685: INFO/ForkPoolWorker-7] Task tasks.email_tasks.send_monthly_activity_reports[e7d09d81-eae0-42dd-bb33-69d79e0c0204] succeeded in 0.034570675000168194s: 'Monthly activity reports sent to all users.'
[2024-12-03 21:38:35,648: INFO/MainProcess] Task tasks.email_tasks.send_monthly_activity_reports[39775d36-6f90-4e97-a8a2-c36443bbe0a8] received
[2024-12-03 21:38:35,683: INFO/ForkPoolWorker-7] Task tasks.email_tasks.send_monthly_activity_reports[39775d36-6f90-4e97-a8a2-c36443bbe0a8] succeeded in 0.03327707900007226s: 'Monthly activity reports sent to all users.'
[2024-12-03 21:38:40,648: INFO/MainProcess] Task tasks.email_tasks.send_monthly_activity_reports[f3425183-f6ce-4aed-ab7a-ee9040984046] received
[2024-12-03 21:38:40,685: INFO/ForkPoolWorker-7] Task tasks.email_tasks.send_monthly_activity_reports[f3425183-f6ce-4aed-ab7a-ee9040984046] succeeded in 0.03416914200010979s: 'Monthly activity reports sent to all users.'
[2024-12-03 21:38:45,648: INFO/MainProcess] Task tasks.email_tasks.send_monthly_activity_reports[0dc2e86b-7e71-4cbf-b63b-d2fccfbe56c1] received
[2024-12-03 21:38:45,685: INFO/ForkPoolWorker-7] Task tasks.email_tasks.send_monthly_activity_reports[0dc2e86b-7e71-4cbf-b63b-d2fccfbe56c1] succeeded in 0.03441173299984257s: 'Monthly activity reports sent to all users.'
[2024-12-03 21:38:50,649: INFO/MainProcess] Task tasks.email_tasks.send_monthly_activity_reports[5ba14cd6-88d8-49f2-b8d7-5a431150dc1d] received
[2024-12-03 21:38:50,685: INFO/ForkPoolWorker-7] Task tasks.email_tasks.send_monthly_activity_reports[5ba14cd6-88d8-49f2-b8d7-5a431150dc1d] succeeded in 0.03234185700011949s: 'Monthly activity reports sent to all users.'
[2024-12-03 21:38:55,649: INFO/MainProcess] Task tasks.email_tasks.send_monthly_activity_reports[4639bc12-ca4a-400b-ab61-663b588f0787] received
[2024-12-03 21:38:55,689: INFO/ForkPoolWorker-7] Task tasks.email_tasks.send_monthly_activity_reports[4639bc12-ca4a-400b-ab61-663b588f0787] succeeded in 0.03852949399993122s: 'Monthly activity reports sent to all users.'
[2024-12-03 21:39:00,649: INFO/MainProcess] Task tasks.email_tasks.send_monthly_activity_reports[19c6c4b1-eb0c-4f7c-8254-aedb5763322e] received
[2024-12-03 21:39:00,700: INFO/ForkPoolWorker-7] Task tasks.email_tasks.send_monthly_activity_reports[19c6c4b1-eb0c-4f7c-8254-aedb5763322e] succeeded in 0.049293270000134726s: 'Monthly activity reports sent to all users.'
[2024-12-03 21:39:05,649: INFO/MainProcess] Task tasks.email_tasks.send_monthly_activity_reports[01f75dce-a4dc-4d22-aba1-b424d7745f76] received
[2024-12-03 21:39:05,694: INFO/ForkPoolWorker-7] Task tasks.email_tasks.send_monthly_activity_reports[01f75dce-a4dc-4d22-aba1-b424d7745f76] succeeded in 0.04265469100005248s: 'Monthly activity reports sent to all users.'
[2024-12-03 21:39:10,649: INFO/MainProcess] Task tasks.email_tasks.send_monthly_activity_reports[427d1878-460a-4a96-99cd-fa11d48a59f4] received
[2024-12-03 21:39:10,688: INFO/ForkPoolWorker-7] Task tasks.email_tasks.send_monthly_activity_reports[427d1878-460a-4a96-99cd-fa11d48a59f4] succeeded in 0.03692489800005205s: 'Monthly activity reports sent to all users.'
[2024-12-03 21:39:15,650: INFO/MainProcess] Task tasks.email_tasks.send_monthly_activity_reports[cdb9e864-eb52-4504-9efb-1fa20bd93416] received
[2024-12-03 21:39:15,695: INFO/ForkPoolWorker-7] Task tasks.email_tasks.send_monthly_activity_reports[cdb9e864-eb52-4504-9efb-1fa20bd93416] succeeded in 0.043652016000123695s: 'Monthly activity reports sent to all users.'
[2024-12-03 21:39:20,649: INFO/MainProcess] Task tasks.email_tasks.send_monthly_activity_reports[5824be73-ea6d-43b0-922a-30ebe26c3b39] received
[2024-12-03 21:39:20,696: INFO/ForkPoolWorker-7] Task tasks.email_tasks.send_monthly_activity_reports[5824be73-ea6d-43b0-922a-30ebe26c3b39] succeeded in 0.046065873000088686s: 'Monthly activity reports sent to all users.'
[2024-12-03 21:39:25,648: INFO/MainProcess] Task tasks.email_tasks.send_monthly_activity_reports[7153e72b-7880-423e-a18d-eb9231387f33] received
[2024-12-03 21:39:25,682: INFO/ForkPoolWorker-7] Task tasks.email_tasks.send_monthly_activity_reports[7153e72b-7880-423e-a18d-eb9231387f33] succeeded in 0.03167607499995029s: 'Monthly activity reports sent to all users.'
[2024-12-03 21:39:30,648: INFO/MainProcess] Task tasks.email_tasks.send_monthly_activity_reports[a5949ef1-b09c-458e-8f8d-db6681c7e903] received
[2024-12-03 21:39:30,682: INFO/ForkPoolWorker-7] Task tasks.email_tasks.send_monthly_activity_reports[a5949ef1-b09c-458e-8f8d-db6681c7e903] succeeded in 0.03225157100018805s: 'Monthly activity reports sent to all users.'
[2024-12-03 21:39:35,649: INFO/MainProcess] Task tasks.email_tasks.send_monthly_activity_reports[5c7827f1-daa7-43af-8548-1b442165d50a] received
[2024-12-03 21:39:35,699: INFO/ForkPoolWorker-7] Task tasks.email_tasks.send_monthly_activity_reports[5c7827f1-daa7-43af-8548-1b442165d50a] succeeded in 0.04772402900016459s: 'Monthly activity reports sent to all users.'
[2024-12-03 21:39:40,649: INFO/MainProcess] Task tasks.email_tasks.send_monthly_activity_reports[64ff05f4-1667-49fb-ae89-cc46d82c1370] received
[2024-12-03 21:39:40,687: INFO/ForkPoolWorker-7] Task tasks.email_tasks.send_monthly_activity_reports[64ff05f4-1667-49fb-ae89-cc46d82c1370] succeeded in 0.03701762399987274s: 'Monthly activity reports sent to all users.'
[2024-12-03 21:39:41,787: INFO/MainProcess] Task tasks.email_tasks.notify_professionals_of_pending_requests[9832a6a7-9b0a-42ce-bfc1-481740a7f01b] received
[2024-12-03 21:39:41,801: INFO/ForkPoolWorker-7] Task tasks.email_tasks.notify_professionals_of_pending_requests[9832a6a7-9b0a-42ce-bfc1-481740a7f01b] succeeded in 0.011231567999857361s: 'Emails sent to professionals with pending requests.'
[2024-12-03 21:39:45,649: INFO/MainProcess] Task tasks.email_tasks.send_monthly_activity_reports[2630c3de-67d6-427d-8179-3404ad4bd79c] received
[2024-12-03 21:39:45,686: INFO/ForkPoolWorker-7] Task tasks.email_tasks.send_monthly_activity_reports[2630c3de-67d6-427d-8179-3404ad4bd79c] succeeded in 0.0338748060000853s: 'Monthly activity reports sent to all users.'
[2024-12-03 21:39:50,649: INFO/MainProcess] Task tasks.email_tasks.send_monthly_activity_reports[f7b415f4-38dd-4d72-b5f2-1a2edd31cceb] received
[2024-12-03 21:39:50,680: INFO/ForkPoolWorker-7] Task tasks.email_tasks.send_monthly_activity_reports[f7b415f4-38dd-4d72-b5f2-1a2edd31cceb] succeeded in 0.02978985000004286s: 'Monthly activity reports sent to all users.'
[2024-12-03 21:39:55,649: INFO/MainProcess] Task tasks.email_tasks.send_monthly_activity_reports[7903851e-ec34-4224-97f0-d2dcbb2d9adf] received
[2024-12-03 21:39:55,686: INFO/ForkPoolWorker-7] Task tasks.email_tasks.send_monthly_activity_reports[7903851e-ec34-4224-97f0-d2dcbb2d9adf] succeeded in 0.0345701819999249s: 'Monthly activity reports sent to all users.'
[2024-12-03 21:40:00,649: INFO/MainProcess] Task tasks.email_tasks.send_monthly_activity_reports[0790805b-caaa-4428-9cd9-01011076a514] received
[2024-12-03 21:40:00,685: INFO/ForkPoolWorker-7] Task tasks.email_tasks.send_monthly_activity_reports[0790805b-caaa-4428-9cd9-01011076a514] succeeded in 0.0342339109997738s: 'Monthly activity reports sent to all users.'
[2024-12-03 21:40:05,649: INFO/MainProcess] Task tasks.email_tasks.send_monthly_activity_reports[c2e3a447-3dd1-45e0-94b6-294f62d5a42c] received
[2024-12-03 21:40:05,692: INFO/ForkPoolWorker-7] Task tasks.email_tasks.send_monthly_activity_reports[c2e3a447-3dd1-45e0-94b6-294f62d5a42c] succeeded in 0.04039709299968308s: 'Monthly activity reports sent to all users.'
[2024-12-03 21:40:10,649: INFO/MainProcess] Task tasks.email_tasks.send_monthly_activity_reports[20b88e78-db29-4c72-b3d5-93725b01410a] received
[2024-12-03 21:40:10,696: INFO/ForkPoolWorker-7] Task tasks.email_tasks.send_monthly_activity_reports[20b88e78-db29-4c72-b3d5-93725b01410a] succeeded in 0.04448816300009639s: 'Monthly activity reports sent to all users.'
[2024-12-03 21:40:15,649: INFO/MainProcess] Task tasks.email_tasks.send_monthly_activity_reports[1dded756-bc81-432e-bd45-9c455e45db55] received
[2024-12-03 21:40:15,688: INFO/ForkPoolWorker-7] Task tasks.email_tasks.send_monthly_activity_reports[1dded756-bc81-432e-bd45-9c455e45db55] succeeded in 0.03759141499995167s: 'Monthly activity reports sent to all users.'
[2024-12-03 21:40:20,649: INFO/MainProcess] Task tasks.email_tasks.send_monthly_activity_reports[a3228865-ac81-4acf-b164-f7fd18c6da61] received
[2024-12-03 21:40:20,688: INFO/ForkPoolWorker-7] Task tasks.email_tasks.send_monthly_activity_reports[a3228865-ac81-4acf-b164-f7fd18c6da61] succeeded in 0.03791855999998006s: 'Monthly activity reports sent to all users.'
[2024-12-03 21:40:25,649: INFO/MainProcess] Task tasks.email_tasks.send_monthly_activity_reports[62b7a7d6-d8d3-4aad-8f6e-dbb909fa7285] received
[2024-12-03 21:40:25,692: INFO/ForkPoolWorker-7] Task tasks.email_tasks.send_monthly_activity_reports[62b7a7d6-d8d3-4aad-8f6e-dbb909fa7285] succeeded in 0.0414477760000409s: 'Monthly activity reports sent to all users.'
[2024-12-03 21:40:30,649: INFO/MainProcess] Task tasks.email_tasks.send_monthly_activity_reports[5a709466-a3d2-4505-b78b-5b3b60811302] received
[2024-12-03 21:40:30,697: INFO/ForkPoolWorker-7] Task tasks.email_tasks.send_monthly_activity_reports[5a709466-a3d2-4505-b78b-5b3b60811302] succeeded in 0.045530000000326254s: 'Monthly activity reports sent to all users.'
[2024-12-03 21:40:35,649: INFO/MainProcess] Task tasks.email_tasks.send_monthly_activity_reports[dd314339-3d85-4607-85a8-82b7812f3477] received
[2024-12-03 21:40:35,687: INFO/ForkPoolWorker-7] Task tasks.email_tasks.send_monthly_activity_reports[dd314339-3d85-4607-85a8-82b7812f3477] succeeded in 0.035784406999937346s: 'Monthly activity reports sent to all users.'
[2024-12-03 21:40:40,649: INFO/MainProcess] Task tasks.email_tasks.send_monthly_activity_reports[21488e69-0245-47ce-9958-bd34d08b0fe4] received
[2024-12-03 21:40:40,684: INFO/ForkPoolWorker-7] Task tasks.email_tasks.send_monthly_activity_reports[21488e69-0245-47ce-9958-bd34d08b0fe4] succeeded in 0.033380495000074006s: 'Monthly activity reports sent to all users.'
[2024-12-03 21:40:45,649: INFO/MainProcess] Task tasks.email_tasks.send_monthly_activity_reports[941197ea-9712-4cd4-9de8-4bc14264d1b0] received
[2024-12-03 21:40:45,683: INFO/ForkPoolWorker-7] Task tasks.email_tasks.send_monthly_activity_reports[941197ea-9712-4cd4-9de8-4bc14264d1b0] succeeded in 0.03243035100013003s: 'Monthly activity reports sent to all users.'
[2024-12-03 21:40:50,649: INFO/MainProcess] Task tasks.email_tasks.send_monthly_activity_reports[3e51e855-730d-4150-8e23-cdbcecb6e048] received
[2024-12-03 21:40:50,694: INFO/ForkPoolWorker-7] Task tasks.email_tasks.send_monthly_activity_reports[3e51e855-730d-4150-8e23-cdbcecb6e048] succeeded in 0.042352909999863186s: 'Monthly activity reports sent to all users.'
[2024-12-03 21:40:55,649: INFO/MainProcess] Task tasks.email_tasks.send_monthly_activity_reports[39e854ee-14cb-4d55-9c5a-421ed120cb04] received
[2024-12-03 21:40:55,690: INFO/ForkPoolWorker-7] Task tasks.email_tasks.send_monthly_activity_reports[39e854ee-14cb-4d55-9c5a-421ed120cb04] succeeded in 0.036511670000436425s: 'Monthly activity reports sent to all users.'
[2024-12-03 21:41:00,649: INFO/MainProcess] Task tasks.email_tasks.send_monthly_activity_reports[093e2148-eb00-4ec3-b592-6e9f52b8d283] received
[2024-12-03 21:41:00,685: INFO/ForkPoolWorker-7] Task tasks.email_tasks.send_monthly_activity_reports[093e2148-eb00-4ec3-b592-6e9f52b8d283] succeeded in 0.03449673900013295s: 'Monthly activity reports sent to all users.'
[2024-12-03 21:41:05,649: INFO/MainProcess] Task tasks.email_tasks.send_monthly_activity_reports[c063b2f7-10be-4e70-9c9e-ea14b43f53ee] received
[2024-12-03 21:41:05,689: INFO/ForkPoolWorker-7] Task tasks.email_tasks.send_monthly_activity_reports[c063b2f7-10be-4e70-9c9e-ea14b43f53ee] succeeded in 0.03768090599987772s: 'Monthly activity reports sent to all users.'
[2024-12-03 21:41:10,649: INFO/MainProcess] Task tasks.email_tasks.send_monthly_activity_reports[a6528c90-0500-4771-9bab-e81dd8baaaf1] received
[2024-12-03 21:41:10,690: INFO/ForkPoolWorker-7] Task tasks.email_tasks.send_monthly_activity_reports[a6528c90-0500-4771-9bab-e81dd8baaaf1] succeeded in 0.03884928500019669s: 'Monthly activity reports sent to all users.'
[2024-12-03 21:41:15,650: INFO/MainProcess] Task tasks.email_tasks.send_monthly_activity_reports[845de324-09aa-4cf3-b10c-01eee9c6fafa] received
[2024-12-03 21:41:15,694: INFO/ForkPoolWorker-7] Task tasks.email_tasks.send_monthly_activity_reports[845de324-09aa-4cf3-b10c-01eee9c6fafa] succeeded in 0.04213223300030222s: 'Monthly activity reports sent to all users.'
[2024-12-03 21:41:20,649: INFO/MainProcess] Task tasks.email_tasks.send_monthly_activity_reports[d7796db2-2346-4bff-8045-e8d1d97db002] received
[2024-12-03 21:41:20,684: INFO/ForkPoolWorker-7] Task tasks.email_tasks.send_monthly_activity_reports[d7796db2-2346-4bff-8045-e8d1d97db002] succeeded in 0.03294262500003242s: 'Monthly activity reports sent to all users.'
[2024-12-03 21:41:25,649: INFO/MainProcess] Task tasks.email_tasks.send_monthly_activity_reports[9accab86-0e74-4574-bf2f-de20410aac0b] received
[2024-12-03 21:41:25,692: INFO/ForkPoolWorker-7] Task tasks.email_tasks.send_monthly_activity_reports[9accab86-0e74-4574-bf2f-de20410aac0b] succeeded in 0.04051475899996149s: 'Monthly activity reports sent to all users.'
[2024-12-03 21:41:30,649: INFO/MainProcess] Task tasks.email_tasks.send_monthly_activity_reports[65a998e6-aad8-4efd-8681-d93042ac6c44] received
[2024-12-03 21:41:30,693: INFO/ForkPoolWorker-7] Task tasks.email_tasks.send_monthly_activity_reports[65a998e6-aad8-4efd-8681-d93042ac6c44] succeeded in 0.04069196899990857s: 'Monthly activity reports sent to all users.'
[2024-12-03 21:41:35,649: INFO/MainProcess] Task tasks.email_tasks.send_monthly_activity_reports[8ae23011-e7d0-412a-a43b-fddcff75a575] received
[2024-12-03 21:41:35,688: INFO/ForkPoolWorker-7] Task tasks.email_tasks.send_monthly_activity_reports[8ae23011-e7d0-412a-a43b-fddcff75a575] succeeded in 0.03693350999992617s: 'Monthly activity reports sent to all users.'
[2024-12-03 21:41:40,649: INFO/MainProcess] Task tasks.email_tasks.send_monthly_activity_reports[244308a5-455c-4b98-86cc-9f0e6b651440] received
[2024-12-03 21:41:40,686: INFO/ForkPoolWorker-7] Task tasks.email_tasks.send_monthly_activity_reports[244308a5-455c-4b98-86cc-9f0e6b651440] succeeded in 0.03429409399996075s: 'Monthly activity reports sent to all users.'
[2024-12-03 21:41:45,649: INFO/MainProcess] Task tasks.email_tasks.send_monthly_activity_reports[38d272a1-bdf1-4f97-9261-82a8efb9493b] received
[2024-12-03 21:41:45,690: INFO/ForkPoolWorker-7] Task tasks.email_tasks.send_monthly_activity_reports[38d272a1-bdf1-4f97-9261-82a8efb9493b] succeeded in 0.038426884000273276s: 'Monthly activity reports sent to all users.'
[2024-12-03 21:41:50,650: INFO/MainProcess] Task tasks.email_tasks.send_monthly_activity_reports[7254ddac-a3e1-40f6-897b-25f0ec07ed61] received
[2024-12-03 21:41:50,687: INFO/ForkPoolWorker-7] Task tasks.email_tasks.send_monthly_activity_reports[7254ddac-a3e1-40f6-897b-25f0ec07ed61] succeeded in 0.035232491999977356s: 'Monthly activity reports sent to all users.'
[2024-12-03 21:41:55,649: INFO/MainProcess] Task tasks.email_tasks.send_monthly_activity_reports[c7999649-7bf2-4be3-8477-bcb71dd21261] received
[2024-12-03 21:41:55,681: INFO/ForkPoolWorker-7] Task tasks.email_tasks.send_monthly_activity_reports[c7999649-7bf2-4be3-8477-bcb71dd21261] succeeded in 0.030365514000095573s: 'Monthly activity reports sent to all users.'
[2024-12-03 21:42:00,650: INFO/MainProcess] Task tasks.email_tasks.send_monthly_activity_reports[cf7d0921-1912-4c42-9b83-09e7446963fe] received
[2024-12-03 21:42:00,690: INFO/ForkPoolWorker-7] Task tasks.email_tasks.send_monthly_activity_reports[cf7d0921-1912-4c42-9b83-09e7446963fe] succeeded in 0.03800747000013871s: 'Monthly activity reports sent to all users.'
[2024-12-03 21:42:05,649: INFO/MainProcess] Task tasks.email_tasks.send_monthly_activity_reports[1126c5fe-ff1a-4f0d-8a7f-3855f107cf55] received
[2024-12-03 21:42:05,705: INFO/ForkPoolWorker-7] Task tasks.email_tasks.send_monthly_activity_reports[1126c5fe-ff1a-4f0d-8a7f-3855f107cf55] succeeded in 0.05432575199984058s: 'Monthly activity reports sent to all users.'
[2024-12-03 21:42:10,649: INFO/MainProcess] Task tasks.email_tasks.send_monthly_activity_reports[e2c7a58a-23b5-4618-96da-e718fa4b21bf] received
[2024-12-03 21:42:10,691: INFO/ForkPoolWorker-7] Task tasks.email_tasks.send_monthly_activity_reports[e2c7a58a-23b5-4618-96da-e718fa4b21bf] succeeded in 0.039640941999550705s: 'Monthly activity reports sent to all users.'
[2024-12-03 21:42:11,788: INFO/MainProcess] Task tasks.email_tasks.notify_professionals_of_pending_requests[267100db-4569-4233-a345-1320a3db18ad] received
[2024-12-03 21:42:11,805: INFO/ForkPoolWorker-7] Task tasks.email_tasks.notify_professionals_of_pending_requests[267100db-4569-4233-a345-1320a3db18ad] succeeded in 0.014647933999640372s: 'Emails sent to professionals with pending requests.'
[2024-12-03 21:42:15,649: INFO/MainProcess] Task tasks.email_tasks.send_monthly_activity_reports[51f93394-5ea9-4e5d-ab9b-91439e24e0ca] received
[2024-12-03 21:42:15,695: INFO/ForkPoolWorker-7] Task tasks.email_tasks.send_monthly_activity_reports[51f93394-5ea9-4e5d-ab9b-91439e24e0ca] succeeded in 0.04432094899993899s: 'Monthly activity reports sent to all users.'
[2024-12-03 21:42:20,649: INFO/MainProcess] Task tasks.email_tasks.send_monthly_activity_reports[768a2d08-d0af-49bb-8147-a49f00326090] received
[2024-12-03 21:42:20,692: INFO/ForkPoolWorker-7] Task tasks.email_tasks.send_monthly_activity_reports[768a2d08-d0af-49bb-8147-a49f00326090] succeeded in 0.040361321000091266s: 'Monthly activity reports sent to all users.'
[2024-12-03 21:42:25,650: INFO/MainProcess] Task tasks.email_tasks.send_monthly_activity_reports[de1eacc2-c233-4d9f-88db-fa288a3dec49] received
[2024-12-03 21:42:25,687: INFO/ForkPoolWorker-7] Task tasks.email_tasks.send_monthly_activity_reports[de1eacc2-c233-4d9f-88db-fa288a3dec49] succeeded in 0.03596522299994831s: 'Monthly activity reports sent to all users.'
[2024-12-03 21:42:30,649: INFO/MainProcess] Task tasks.email_tasks.send_monthly_activity_reports[6b115b2e-f180-4ede-84c9-3e6f6634acc5] received
[2024-12-03 21:42:30,694: INFO/ForkPoolWorker-7] Task tasks.email_tasks.send_monthly_activity_reports[6b115b2e-f180-4ede-84c9-3e6f6634acc5] succeeded in 0.04229547500017361s: 'Monthly activity reports sent to all users.'
[2024-12-03 21:42:35,650: INFO/MainProcess] Task tasks.email_tasks.send_monthly_activity_reports[5de146ba-fd47-4f47-8839-bdddc84fc585] received
[2024-12-03 21:42:35,696: INFO/ForkPoolWorker-7] Task tasks.email_tasks.send_monthly_activity_reports[5de146ba-fd47-4f47-8839-bdddc84fc585] succeeded in 0.04368457300006412s: 'Monthly activity reports sent to all users.'
[2024-12-03 21:42:40,650: INFO/MainProcess] Task tasks.email_tasks.send_monthly_activity_reports[d76db979-718b-4a09-965e-6594bfe07cbd] received
[2024-12-03 21:42:40,705: INFO/ForkPoolWorker-7] Task tasks.email_tasks.send_monthly_activity_reports[d76db979-718b-4a09-965e-6594bfe07cbd] succeeded in 0.052777824999793665s: 'Monthly activity reports sent to all users.'
[2024-12-03 21:42:45,650: INFO/MainProcess] Task tasks.email_tasks.send_monthly_activity_reports[95068c21-0bf2-4fba-9733-bd5ad384f2e7] received
[2024-12-03 21:42:45,694: INFO/ForkPoolWorker-7] Task tasks.email_tasks.send_monthly_activity_reports[95068c21-0bf2-4fba-9733-bd5ad384f2e7] succeeded in 0.04201634799983367s: 'Monthly activity reports sent to all users.'
[2024-12-03 21:42:50,650: INFO/MainProcess] Task tasks.email_tasks.send_monthly_activity_reports[3d98f378-7133-4836-ae4d-a76477984cee] received
[2024-12-03 21:42:50,692: INFO/ForkPoolWorker-7] Task tasks.email_tasks.send_monthly_activity_reports[3d98f378-7133-4836-ae4d-a76477984cee] succeeded in 0.04082755499985069s: 'Monthly activity reports sent to all users.'
[2024-12-03 21:42:55,649: INFO/MainProcess] Task tasks.email_tasks.send_monthly_activity_reports[bdfae406-cc36-4f7c-8a2c-c26e584e35c8] received
[2024-12-03 21:42:55,689: INFO/ForkPoolWorker-7] Task tasks.email_tasks.send_monthly_activity_reports[bdfae406-cc36-4f7c-8a2c-c26e584e35c8] succeeded in 0.03742737999982637s: 'Monthly activity reports sent to all users.'
[2024-12-03 21:43:00,650: INFO/MainProcess] Task tasks.email_tasks.send_monthly_activity_reports[d1db8d79-81e4-4ab3-9752-01d7b861951d] received
[2024-12-03 21:43:00,696: INFO/ForkPoolWorker-7] Task tasks.email_tasks.send_monthly_activity_reports[d1db8d79-81e4-4ab3-9752-01d7b861951d] succeeded in 0.043994164999730856s: 'Monthly activity reports sent to all users.'
[2024-12-03 21:43:05,650: INFO/MainProcess] Task tasks.email_tasks.send_monthly_activity_reports[811aae2c-63c4-4b06-a722-a38c3437625a] received
[2024-12-03 21:43:05,688: INFO/ForkPoolWorker-7] Task tasks.email_tasks.send_monthly_activity_reports[811aae2c-63c4-4b06-a722-a38c3437625a] succeeded in 0.03613003300006312s: 'Monthly activity reports sent to all users.'
[2024-12-03 21:43:10,650: INFO/MainProcess] Task tasks.email_tasks.send_monthly_activity_reports[ab6fe12d-dc9e-46e1-86b0-356b8a3216cc] received
[2024-12-03 21:43:10,695: INFO/ForkPoolWorker-7] Task tasks.email_tasks.send_monthly_activity_reports[ab6fe12d-dc9e-46e1-86b0-356b8a3216cc] succeeded in 0.0433515280001302s: 'Monthly activity reports sent to all users.'
[2024-12-03 21:43:15,661: INFO/MainProcess] Task tasks.email_tasks.send_monthly_activity_reports[374470bc-1e04-42cc-ae55-8f8658dd9e34] received
[2024-12-03 21:43:15,707: INFO/ForkPoolWorker-7] Task tasks.email_tasks.send_monthly_activity_reports[374470bc-1e04-42cc-ae55-8f8658dd9e34] succeeded in 0.044314454999948794s: 'Monthly activity reports sent to all users.'
[2024-12-03 21:43:20,661: INFO/MainProcess] Task tasks.email_tasks.send_monthly_activity_reports[2300cccd-39ea-42fb-9c70-c56896d7ee2b] received
[2024-12-03 21:43:20,702: INFO/ForkPoolWorker-7] Task tasks.email_tasks.send_monthly_activity_reports[2300cccd-39ea-42fb-9c70-c56896d7ee2b] succeeded in 0.038439311999809433s: 'Monthly activity reports sent to all users.'
[2024-12-03 21:43:25,661: INFO/MainProcess] Task tasks.email_tasks.send_monthly_activity_reports[ec1248bd-98ca-40c5-ba7d-5728a3a6a8fc] received
[2024-12-03 21:43:25,704: INFO/ForkPoolWorker-7] Task tasks.email_tasks.send_monthly_activity_reports[ec1248bd-98ca-40c5-ba7d-5728a3a6a8fc] succeeded in 0.041611288000240165s: 'Monthly activity reports sent to all users.'
[2024-12-03 21:43:30,661: INFO/MainProcess] Task tasks.email_tasks.send_monthly_activity_reports[7db437fb-ba86-4c16-8a6b-77a642574d56] received
[2024-12-03 21:43:30,696: INFO/ForkPoolWorker-7] Task tasks.email_tasks.send_monthly_activity_reports[7db437fb-ba86-4c16-8a6b-77a642574d56] succeeded in 0.033133782999811956s: 'Monthly activity reports sent to all users.'
[2024-12-03 21:43:35,661: INFO/MainProcess] Task tasks.email_tasks.send_monthly_activity_reports[7aafe7da-3e22-4fd1-bb06-b8f6e951317d] received
[2024-12-03 21:43:35,700: INFO/ForkPoolWorker-7] Task tasks.email_tasks.send_monthly_activity_reports[7aafe7da-3e22-4fd1-bb06-b8f6e951317d] succeeded in 0.03695423299996037s: 'Monthly activity reports sent to all users.'
[2024-12-03 21:43:40,661: INFO/MainProcess] Task tasks.email_tasks.send_monthly_activity_reports[2e36cfdc-885d-4003-b9ef-251b8da85b2b] received
[2024-12-03 21:43:40,705: INFO/ForkPoolWorker-7] Task tasks.email_tasks.send_monthly_activity_reports[2e36cfdc-885d-4003-b9ef-251b8da85b2b] succeeded in 0.04259069299996554s: 'Monthly activity reports sent to all users.'
[2024-12-03 21:43:45,661: INFO/MainProcess] Task tasks.email_tasks.send_monthly_activity_reports[24a128f6-be4a-47e7-94ea-9bd22e94d29b] received
[2024-12-03 21:43:45,703: INFO/ForkPoolWorker-7] Task tasks.email_tasks.send_monthly_activity_reports[24a128f6-be4a-47e7-94ea-9bd22e94d29b] succeeded in 0.039889990000119724s: 'Monthly activity reports sent to all users.'
[2024-12-03 21:43:50,663: INFO/MainProcess] Task tasks.email_tasks.send_monthly_activity_reports[654beff4-933e-481f-b33e-d63f7bed4ab2] received
[2024-12-03 21:43:50,705: INFO/ForkPoolWorker-7] Task tasks.email_tasks.send_monthly_activity_reports[654beff4-933e-481f-b33e-d63f7bed4ab2] succeeded in 0.040209875000073225s: 'Monthly activity reports sent to all users.'
[2024-12-03 21:43:55,661: INFO/MainProcess] Task tasks.email_tasks.send_monthly_activity_reports[e9a62638-5a7f-4925-86fe-d5a1b6ab936d] received
[2024-12-03 21:43:55,701: INFO/ForkPoolWorker-7] Task tasks.email_tasks.send_monthly_activity_reports[e9a62638-5a7f-4925-86fe-d5a1b6ab936d] succeeded in 0.03708777000019836s: 'Monthly activity reports sent to all users.'
[2024-12-03 21:44:00,662: INFO/MainProcess] Task tasks.email_tasks.send_monthly_activity_reports[b1783cf5-8f1a-40e2-a1a9-5cc37945654d] received
[2024-12-03 21:44:00,700: INFO/ForkPoolWorker-7] Task tasks.email_tasks.send_monthly_activity_reports[b1783cf5-8f1a-40e2-a1a9-5cc37945654d] succeeded in 0.035885010000129114s: 'Monthly activity reports sent to all users.'
[2024-12-03 21:44:05,661: INFO/MainProcess] Task tasks.email_tasks.send_monthly_activity_reports[5fcbf6e0-3117-4c18-90c5-1e437bb63e62] received
[2024-12-03 21:44:05,704: INFO/ForkPoolWorker-7] Task tasks.email_tasks.send_monthly_activity_reports[5fcbf6e0-3117-4c18-90c5-1e437bb63e62] succeeded in 0.039695479000329215s: 'Monthly activity reports sent to all users.'
[2024-12-03 21:44:10,662: INFO/MainProcess] Task tasks.email_tasks.send_monthly_activity_reports[feea5854-54b6-49bd-9065-3bc425e3ed25] received
[2024-12-03 21:44:10,700: INFO/ForkPoolWorker-7] Task tasks.email_tasks.send_monthly_activity_reports[feea5854-54b6-49bd-9065-3bc425e3ed25] succeeded in 0.03605081100022289s: 'Monthly activity reports sent to all users.'
[2024-12-03 21:44:15,661: INFO/MainProcess] Task tasks.email_tasks.send_monthly_activity_reports[1238f028-d8f0-4b8a-b924-f4a578f31348] received
[2024-12-03 21:44:15,701: INFO/ForkPoolWorker-7] Task tasks.email_tasks.send_monthly_activity_reports[1238f028-d8f0-4b8a-b924-f4a578f31348] succeeded in 0.037974865999785834s: 'Monthly activity reports sent to all users.'
[2024-12-03 21:44:20,662: INFO/MainProcess] Task tasks.email_tasks.send_monthly_activity_reports[3e580ed4-e03b-4d5e-baa6-8a078b220780] received
[2024-12-03 21:44:20,707: INFO/ForkPoolWorker-7] Task tasks.email_tasks.send_monthly_activity_reports[3e580ed4-e03b-4d5e-baa6-8a078b220780] succeeded in 0.04266297099957228s: 'Monthly activity reports sent to all users.'
[2024-12-03 21:44:25,662: INFO/MainProcess] Task tasks.email_tasks.send_monthly_activity_reports[d85638fd-999a-4468-8198-7b284c9c71ea] received
[2024-12-03 21:44:25,697: INFO/ForkPoolWorker-7] Task tasks.email_tasks.send_monthly_activity_reports[d85638fd-999a-4468-8198-7b284c9c71ea] succeeded in 0.03287311099984436s: 'Monthly activity reports sent to all users.'
[2024-12-03 21:44:30,661: INFO/MainProcess] Task tasks.email_tasks.send_monthly_activity_reports[8ea2404c-6489-42cc-bc89-67746bde6028] received
[2024-12-03 21:44:30,695: INFO/ForkPoolWorker-7] Task tasks.email_tasks.send_monthly_activity_reports[8ea2404c-6489-42cc-bc89-67746bde6028] succeeded in 0.0322299459999158s: 'Monthly activity reports sent to all users.'
[2024-12-03 21:44:35,661: INFO/MainProcess] Task tasks.email_tasks.send_monthly_activity_reports[ab86e3ac-288a-4b90-ab5e-270f74d7cf54] received
[2024-12-03 21:44:35,706: INFO/ForkPoolWorker-7] Task tasks.email_tasks.send_monthly_activity_reports[ab86e3ac-288a-4b90-ab5e-270f74d7cf54] succeeded in 0.04277742800013584s: 'Monthly activity reports sent to all users.'
[2024-12-03 21:44:40,661: INFO/MainProcess] Task tasks.email_tasks.send_monthly_activity_reports[d1ee77df-0c07-4cbc-be22-1339145fc32c] received
[2024-12-03 21:44:40,703: INFO/ForkPoolWorker-7] Task tasks.email_tasks.send_monthly_activity_reports[d1ee77df-0c07-4cbc-be22-1339145fc32c] succeeded in 0.03977630600002158s: 'Monthly activity reports sent to all users.'
[2024-12-03 21:44:41,787: INFO/MainProcess] Task tasks.email_tasks.notify_professionals_of_pending_requests[22681817-6730-40a7-9538-92eb851d56ce] received
[2024-12-03 21:44:41,800: INFO/ForkPoolWorker-7] Task tasks.email_tasks.notify_professionals_of_pending_requests[22681817-6730-40a7-9538-92eb851d56ce] succeeded in 0.011252016000071308s: 'Emails sent to professionals with pending requests.'
[2024-12-03 21:44:45,661: INFO/MainProcess] Task tasks.email_tasks.send_monthly_activity_reports[4bfb0f32-36a9-4b65-8cd6-a6b754ce299f] received
[2024-12-03 21:44:45,695: INFO/ForkPoolWorker-7] Task tasks.email_tasks.send_monthly_activity_reports[4bfb0f32-36a9-4b65-8cd6-a6b754ce299f] succeeded in 0.03236586599996372s: 'Monthly activity reports sent to all users.'
[2024-12-03 21:44:50,661: INFO/MainProcess] Task tasks.email_tasks.send_monthly_activity_reports[cce5af0f-cf53-4b67-92ba-26df5638bbe2] received
[2024-12-03 21:44:50,699: INFO/ForkPoolWorker-7] Task tasks.email_tasks.send_monthly_activity_reports[cce5af0f-cf53-4b67-92ba-26df5638bbe2] succeeded in 0.036268557000312285s: 'Monthly activity reports sent to all users.'
[2024-12-03 21:44:55,662: INFO/MainProcess] Task tasks.email_tasks.send_monthly_activity_reports[1ff9b769-4923-47d8-8934-5321bea7c838] received
[2024-12-03 21:44:55,708: INFO/ForkPoolWorker-7] Task tasks.email_tasks.send_monthly_activity_reports[1ff9b769-4923-47d8-8934-5321bea7c838] succeeded in 0.04294034399981683s: 'Monthly activity reports sent to all users.'
[2024-12-03 21:45:00,663: INFO/MainProcess] Task tasks.email_tasks.send_monthly_activity_reports[703be368-1e1d-44ed-a1f6-4e4e4fda215b] received
[2024-12-03 21:45:00,720: INFO/ForkPoolWorker-7] Task tasks.email_tasks.send_monthly_activity_reports[703be368-1e1d-44ed-a1f6-4e4e4fda215b] succeeded in 0.05489283799988698s: 'Monthly activity reports sent to all users.'
[2024-12-03 21:45:05,662: INFO/MainProcess] Task tasks.email_tasks.send_monthly_activity_reports[d8ccc20b-210f-48f6-97ec-e07213cb90aa] received
[2024-12-03 21:45:05,703: INFO/ForkPoolWorker-7] Task tasks.email_tasks.send_monthly_activity_reports[d8ccc20b-210f-48f6-97ec-e07213cb90aa] succeeded in 0.03911357800006954s: 'Monthly activity reports sent to all users.'
[2024-12-03 21:45:10,662: INFO/MainProcess] Task tasks.email_tasks.send_monthly_activity_reports[942408aa-c359-4c10-a214-97514c1e639e] received
[2024-12-03 21:45:10,693: INFO/ForkPoolWorker-7] Task tasks.email_tasks.send_monthly_activity_reports[942408aa-c359-4c10-a214-97514c1e639e] succeeded in 0.029899754999860306s: 'Monthly activity reports sent to all users.'
[2024-12-03 21:45:15,661: INFO/MainProcess] Task tasks.email_tasks.send_monthly_activity_reports[d57834ff-b405-41f7-87f1-fb988831123c] received
[2024-12-03 21:45:15,698: INFO/ForkPoolWorker-7] Task tasks.email_tasks.send_monthly_activity_reports[d57834ff-b405-41f7-87f1-fb988831123c] succeeded in 0.034386756000003516s: 'Monthly activity reports sent to all users.'
[2024-12-03 21:45:20,664: INFO/MainProcess] Task tasks.email_tasks.send_monthly_activity_reports[cc624e2a-8718-450b-93a5-6b7f48d28b6b] received
[2024-12-03 21:45:20,701: INFO/ForkPoolWorker-7] Task tasks.email_tasks.send_monthly_activity_reports[cc624e2a-8718-450b-93a5-6b7f48d28b6b] succeeded in 0.0357154910002464s: 'Monthly activity reports sent to all users.'
[2024-12-03 21:45:25,661: INFO/MainProcess] Task tasks.email_tasks.send_monthly_activity_reports[c48fe9a6-2c72-49bf-b581-a46c8191ff5d] received
[2024-12-03 21:45:25,695: INFO/ForkPoolWorker-7] Task tasks.email_tasks.send_monthly_activity_reports[c48fe9a6-2c72-49bf-b581-a46c8191ff5d] succeeded in 0.03242887700025676s: 'Monthly activity reports sent to all users.'
[2024-12-03 21:45:30,661: INFO/MainProcess] Task tasks.email_tasks.send_monthly_activity_reports[38b5cf5c-aa16-40f3-88ae-6f0fbc18c75a] received
[2024-12-03 21:45:30,701: INFO/ForkPoolWorker-7] Task tasks.email_tasks.send_monthly_activity_reports[38b5cf5c-aa16-40f3-88ae-6f0fbc18c75a] succeeded in 0.03758273799985545s: 'Monthly activity reports sent to all users.'
[2024-12-03 21:45:35,664: INFO/MainProcess] Task tasks.email_tasks.send_monthly_activity_reports[e4b5a59d-a3eb-4a2a-b5fb-cd9e581453b0] received
[2024-12-03 21:45:35,700: INFO/ForkPoolWorker-7] Task tasks.email_tasks.send_monthly_activity_reports[e4b5a59d-a3eb-4a2a-b5fb-cd9e581453b0] succeeded in 0.034384780999971554s: 'Monthly activity reports sent to all users.'
[2024-12-03 21:45:40,662: INFO/MainProcess] Task tasks.email_tasks.send_monthly_activity_reports[9fe48a45-a353-46fd-8882-087f0e9f105a] received
[2024-12-03 21:45:40,704: INFO/ForkPoolWorker-7] Task tasks.email_tasks.send_monthly_activity_reports[9fe48a45-a353-46fd-8882-087f0e9f105a] succeeded in 0.03908711200028847s: 'Monthly activity reports sent to all users.'
[2024-12-03 21:45:45,662: INFO/MainProcess] Task tasks.email_tasks.send_monthly_activity_reports[d4759835-6060-442e-8fb3-a69f4a5a16ad] received
[2024-12-03 21:45:45,702: INFO/ForkPoolWorker-7] Task tasks.email_tasks.send_monthly_activity_reports[d4759835-6060-442e-8fb3-a69f4a5a16ad] succeeded in 0.03832579100026123s: 'Monthly activity reports sent to all users.'
[2024-12-03 21:45:50,661: INFO/MainProcess] Task tasks.email_tasks.send_monthly_activity_reports[fc224149-2677-4129-9487-36e2742dfecd] received
[2024-12-03 21:45:50,702: INFO/ForkPoolWorker-7] Task tasks.email_tasks.send_monthly_activity_reports[fc224149-2677-4129-9487-36e2742dfecd] succeeded in 0.038806534000286774s: 'Monthly activity reports sent to all users.'
[2024-12-03 21:45:55,662: INFO/MainProcess] Task tasks.email_tasks.send_monthly_activity_reports[e1aefaf2-d7e5-43fe-b6e2-c02b51f161d7] received
[2024-12-03 21:45:55,696: INFO/ForkPoolWorker-7] Task tasks.email_tasks.send_monthly_activity_reports[e1aefaf2-d7e5-43fe-b6e2-c02b51f161d7] succeeded in 0.033190577999903326s: 'Monthly activity reports sent to all users.'
[2024-12-03 21:46:00,662: INFO/MainProcess] Task tasks.email_tasks.send_monthly_activity_reports[ab8e4bdb-fddf-445d-9cda-8c84f8465012] received
[2024-12-03 21:46:00,701: INFO/ForkPoolWorker-7] Task tasks.email_tasks.send_monthly_activity_reports[ab8e4bdb-fddf-445d-9cda-8c84f8465012] succeeded in 0.037973161000081745s: 'Monthly activity reports sent to all users.'
[2024-12-03 21:46:05,662: INFO/MainProcess] Task tasks.email_tasks.send_monthly_activity_reports[1b4478b3-e76e-4423-8720-677039236339] received
[2024-12-03 21:46:05,709: INFO/ForkPoolWorker-7] Task tasks.email_tasks.send_monthly_activity_reports[1b4478b3-e76e-4423-8720-677039236339] succeeded in 0.04423771899973872s: 'Monthly activity reports sent to all users.'
[2024-12-03 21:46:10,663: INFO/MainProcess] Task tasks.email_tasks.send_monthly_activity_reports[7512dc01-15b2-4041-9bef-9af20eae89e7] received
[2024-12-03 21:46:10,708: INFO/ForkPoolWorker-7] Task tasks.email_tasks.send_monthly_activity_reports[7512dc01-15b2-4041-9bef-9af20eae89e7] succeeded in 0.04365513099992313s: 'Monthly activity reports sent to all users.'
[2024-12-03 21:46:15,662: INFO/MainProcess] Task tasks.email_tasks.send_monthly_activity_reports[8a356ce5-219a-4a86-83b8-d35fabcebd36] received
[2024-12-03 21:46:15,701: INFO/ForkPoolWorker-7] Task tasks.email_tasks.send_monthly_activity_reports[8a356ce5-219a-4a86-83b8-d35fabcebd36] succeeded in 0.03634342499981358s: 'Monthly activity reports sent to all users.'
[2024-12-03 21:46:20,662: INFO/MainProcess] Task tasks.email_tasks.send_monthly_activity_reports[281f04eb-fb06-4243-972c-debebc5f4aaf] received
[2024-12-03 21:46:20,704: INFO/ForkPoolWorker-7] Task tasks.email_tasks.send_monthly_activity_reports[281f04eb-fb06-4243-972c-debebc5f4aaf] succeeded in 0.03830529500010016s: 'Monthly activity reports sent to all users.'
[2024-12-03 21:46:25,662: INFO/MainProcess] Task tasks.email_tasks.send_monthly_activity_reports[ff161dfb-e231-45dc-85e6-f2b5a4616e37] received
[2024-12-03 21:46:25,711: INFO/ForkPoolWorker-7] Task tasks.email_tasks.send_monthly_activity_reports[ff161dfb-e231-45dc-85e6-f2b5a4616e37] succeeded in 0.04669375699995726s: 'Monthly activity reports sent to all users.'
[2024-12-03 21:46:30,662: INFO/MainProcess] Task tasks.email_tasks.send_monthly_activity_reports[47231e98-e5d8-4ac9-a4af-e244e757089a] received
[2024-12-03 21:46:30,699: INFO/ForkPoolWorker-7] Task tasks.email_tasks.send_monthly_activity_reports[47231e98-e5d8-4ac9-a4af-e244e757089a] succeeded in 0.035562600000048405s: 'Monthly activity reports sent to all users.'
[2024-12-03 21:46:35,662: INFO/MainProcess] Task tasks.email_tasks.send_monthly_activity_reports[b964e1ca-cdb4-44b2-9506-ab8d69930458] received
[2024-12-03 21:46:35,714: INFO/ForkPoolWorker-7] Task tasks.email_tasks.send_monthly_activity_reports[b964e1ca-cdb4-44b2-9506-ab8d69930458] succeeded in 0.04959860500002833s: 'Monthly activity reports sent to all users.'
[2024-12-03 21:46:40,662: INFO/MainProcess] Task tasks.email_tasks.send_monthly_activity_reports[a3bbf549-6649-4923-b65c-adc66a2b3701] received
[2024-12-03 21:46:40,702: INFO/ForkPoolWorker-7] Task tasks.email_tasks.send_monthly_activity_reports[a3bbf549-6649-4923-b65c-adc66a2b3701] succeeded in 0.0378187030000845s: 'Monthly activity reports sent to all users.'
[2024-12-03 21:46:45,663: INFO/MainProcess] Task tasks.email_tasks.send_monthly_activity_reports[94fa216a-275f-4d2f-810f-df4358426a9c] received
[2024-12-03 21:46:45,712: INFO/ForkPoolWorker-7] Task tasks.email_tasks.send_monthly_activity_reports[94fa216a-275f-4d2f-810f-df4358426a9c] succeeded in 0.04628880599966578s: 'Monthly activity reports sent to all users.'
[2024-12-03 21:46:50,662: INFO/MainProcess] Task tasks.email_tasks.send_monthly_activity_reports[3393cf1c-7afe-4b7d-8f26-87d65bea52a2] received
[2024-12-03 21:46:50,696: INFO/ForkPoolWorker-7] Task tasks.email_tasks.send_monthly_activity_reports[3393cf1c-7afe-4b7d-8f26-87d65bea52a2] succeeded in 0.033076177000111784s: 'Monthly activity reports sent to all users.'
[2024-12-03 21:46:55,662: INFO/MainProcess] Task tasks.email_tasks.send_monthly_activity_reports[4248cb8b-6e73-4b60-9eac-54730d50287a] received
[2024-12-03 21:46:55,706: INFO/ForkPoolWorker-7] Task tasks.email_tasks.send_monthly_activity_reports[4248cb8b-6e73-4b60-9eac-54730d50287a] succeeded in 0.04137458600007449s: 'Monthly activity reports sent to all users.'
[2024-12-03 21:47:00,662: INFO/MainProcess] Task tasks.email_tasks.send_monthly_activity_reports[1e9bb9d1-2ffb-4245-98a0-c87e496f45c3] received
[2024-12-03 21:47:00,704: INFO/ForkPoolWorker-7] Task tasks.email_tasks.send_monthly_activity_reports[1e9bb9d1-2ffb-4245-98a0-c87e496f45c3] succeeded in 0.03992648500025098s: 'Monthly activity reports sent to all users.'
[2024-12-03 21:47:05,662: INFO/MainProcess] Task tasks.email_tasks.send_monthly_activity_reports[6329fba7-54e1-4983-b075-763d1491c02c] received
[2024-12-03 21:47:05,703: INFO/ForkPoolWorker-7] Task tasks.email_tasks.send_monthly_activity_reports[6329fba7-54e1-4983-b075-763d1491c02c] succeeded in 0.03850209199981691s: 'Monthly activity reports sent to all users.'
[2024-12-03 21:47:10,662: INFO/MainProcess] Task tasks.email_tasks.send_monthly_activity_reports[49685fc5-428e-4266-b6c7-64ee4cd2b7c2] received
[2024-12-03 21:47:10,702: INFO/ForkPoolWorker-7] Task tasks.email_tasks.send_monthly_activity_reports[49685fc5-428e-4266-b6c7-64ee4cd2b7c2] succeeded in 0.03792355099994893s: 'Monthly activity reports sent to all users.'
[2024-12-03 21:47:11,789: INFO/MainProcess] Task tasks.email_tasks.notify_professionals_of_pending_requests[f96ec0f3-df89-4a7c-9e45-5927776670f8] received
[2024-12-03 21:47:11,822: INFO/ForkPoolWorker-7] Task tasks.email_tasks.notify_professionals_of_pending_requests[f96ec0f3-df89-4a7c-9e45-5927776670f8] succeeded in 0.031034222000016598s: 'Emails sent to professionals with pending requests.'
[2024-12-03 21:47:15,662: INFO/MainProcess] Task tasks.email_tasks.send_monthly_activity_reports[5e99b6af-c8bf-4a6f-baad-aea3f3896b40] received
[2024-12-03 21:47:15,709: INFO/ForkPoolWorker-7] Task tasks.email_tasks.send_monthly_activity_reports[5e99b6af-c8bf-4a6f-baad-aea3f3896b40] succeeded in 0.04481723900016732s: 'Monthly activity reports sent to all users.'
[2024-12-03 21:47:20,662: INFO/MainProcess] Task tasks.email_tasks.send_monthly_activity_reports[1d1e4c9d-7624-44ee-a2de-b0c67375e270] received
[2024-12-03 21:47:20,703: INFO/ForkPoolWorker-7] Task tasks.email_tasks.send_monthly_activity_reports[1d1e4c9d-7624-44ee-a2de-b0c67375e270] succeeded in 0.039073131999884936s: 'Monthly activity reports sent to all users.'
[2024-12-03 21:47:25,662: INFO/MainProcess] Task tasks.email_tasks.send_monthly_activity_reports[d73ea2b1-c846-4d24-bd62-e8fac2276e82] received
[2024-12-03 21:47:25,691: INFO/ForkPoolWorker-7] Task tasks.email_tasks.send_monthly_activity_reports[d73ea2b1-c846-4d24-bd62-e8fac2276e82] succeeded in 0.02777833699974508s: 'Monthly activity reports sent to all users.'
[2024-12-03 21:47:30,662: INFO/MainProcess] Task tasks.email_tasks.send_monthly_activity_reports[6c35cd89-06d2-4e49-8d57-fbab5144002b] received
[2024-12-03 21:47:30,701: INFO/ForkPoolWorker-7] Task tasks.email_tasks.send_monthly_activity_reports[6c35cd89-06d2-4e49-8d57-fbab5144002b] succeeded in 0.03714769299995169s: 'Monthly activity reports sent to all users.'
[2024-12-03 21:47:35,662: INFO/MainProcess] Task tasks.email_tasks.send_monthly_activity_reports[9aa4ecd1-d13b-4257-bd55-556a406de7ab] received
[2024-12-03 21:47:35,702: INFO/ForkPoolWorker-7] Task tasks.email_tasks.send_monthly_activity_reports[9aa4ecd1-d13b-4257-bd55-556a406de7ab] succeeded in 0.03866417899962471s: 'Monthly activity reports sent to all users.'
[2024-12-03 21:47:40,662: INFO/MainProcess] Task tasks.email_tasks.send_monthly_activity_reports[3619c378-62eb-46c8-b507-9c11c2c81273] received
[2024-12-03 21:47:40,701: INFO/ForkPoolWorker-7] Task tasks.email_tasks.send_monthly_activity_reports[3619c378-62eb-46c8-b507-9c11c2c81273] succeeded in 0.037105580999650556s: 'Monthly activity reports sent to all users.'
[2024-12-03 21:47:45,662: INFO/MainProcess] Task tasks.email_tasks.send_monthly_activity_reports[624294c6-696f-4a9b-813f-6a890dde68d8] received
[2024-12-03 21:47:45,705: INFO/ForkPoolWorker-7] Task tasks.email_tasks.send_monthly_activity_reports[624294c6-696f-4a9b-813f-6a890dde68d8] succeeded in 0.041283928000211745s: 'Monthly activity reports sent to all users.'
[2024-12-03 21:47:50,662: INFO/MainProcess] Task tasks.email_tasks.send_monthly_activity_reports[eb5003a0-e4cb-4756-8afa-9c0287ce1774] received
[2024-12-03 21:47:50,707: INFO/ForkPoolWorker-7] Task tasks.email_tasks.send_monthly_activity_reports[eb5003a0-e4cb-4756-8afa-9c0287ce1774] succeeded in 0.04361940900025729s: 'Monthly activity reports sent to all users.'
[2024-12-03 21:47:55,662: INFO/MainProcess] Task tasks.email_tasks.send_monthly_activity_reports[59538ebb-827d-464b-b036-f08b8bcc3e99] received
[2024-12-03 21:47:55,701: INFO/ForkPoolWorker-7] Task tasks.email_tasks.send_monthly_activity_reports[59538ebb-827d-464b-b036-f08b8bcc3e99] succeeded in 0.03820927400010987s: 'Monthly activity reports sent to all users.'
[2024-12-03 21:48:00,662: INFO/MainProcess] Task tasks.email_tasks.send_monthly_activity_reports[8d4c7f4b-587e-40e2-9107-b8ce5156e66a] received
[2024-12-03 21:48:00,697: INFO/ForkPoolWorker-7] Task tasks.email_tasks.send_monthly_activity_reports[8d4c7f4b-587e-40e2-9107-b8ce5156e66a] succeeded in 0.034081983999840304s: 'Monthly activity reports sent to all users.'
[2024-12-03 21:48:05,662: INFO/MainProcess] Task tasks.email_tasks.send_monthly_activity_reports[b3117f87-df37-4c93-95bb-23511157a05a] received
[2024-12-03 21:48:05,705: INFO/ForkPoolWorker-7] Task tasks.email_tasks.send_monthly_activity_reports[b3117f87-df37-4c93-95bb-23511157a05a] succeeded in 0.040646759000082966s: 'Monthly activity reports sent to all users.'
[2024-12-03 21:48:10,662: INFO/MainProcess] Task tasks.email_tasks.send_monthly_activity_reports[04b6eb3b-2cfc-43f0-848b-07268d4f89b1] received
[2024-12-03 21:48:10,698: INFO/ForkPoolWorker-7] Task tasks.email_tasks.send_monthly_activity_reports[04b6eb3b-2cfc-43f0-848b-07268d4f89b1] succeeded in 0.03347001200017985s: 'Monthly activity reports sent to all users.'
[2024-12-03 21:48:15,663: INFO/MainProcess] Task tasks.email_tasks.send_monthly_activity_reports[b1f40976-12a5-40ce-add4-1aad1b56038c] received
[2024-12-03 21:48:15,716: INFO/ForkPoolWorker-7] Task tasks.email_tasks.send_monthly_activity_reports[b1f40976-12a5-40ce-add4-1aad1b56038c] succeeded in 0.05059698299965021s: 'Monthly activity reports sent to all users.'
[2024-12-03 21:48:20,662: INFO/MainProcess] Task tasks.email_tasks.send_monthly_activity_reports[2fa60b29-972a-46b1-bac6-9dc17fbf666c] received
[2024-12-03 21:48:20,698: INFO/ForkPoolWorker-7] Task tasks.email_tasks.send_monthly_activity_reports[2fa60b29-972a-46b1-bac6-9dc17fbf666c] succeeded in 0.0333123160003197s: 'Monthly activity reports sent to all users.'
[2024-12-03 21:48:25,662: INFO/MainProcess] Task tasks.email_tasks.send_monthly_activity_reports[3552a54a-b81b-402f-90ca-c997d8e293a0] received
[2024-12-03 21:48:25,699: INFO/ForkPoolWorker-7] Task tasks.email_tasks.send_monthly_activity_reports[3552a54a-b81b-402f-90ca-c997d8e293a0] succeeded in 0.03474052799992933s: 'Monthly activity reports sent to all users.'
[2024-12-03 21:48:30,663: INFO/MainProcess] Task tasks.email_tasks.send_monthly_activity_reports[ce3fb652-5a8c-4005-8893-44722cfef0db] received
[2024-12-03 21:48:30,707: INFO/ForkPoolWorker-7] Task tasks.email_tasks.send_monthly_activity_reports[ce3fb652-5a8c-4005-8893-44722cfef0db] succeeded in 0.041882668000198464s: 'Monthly activity reports sent to all users.'
[2024-12-03 21:48:35,662: INFO/MainProcess] Task tasks.email_tasks.send_monthly_activity_reports[66249fce-eed7-4b2d-b0aa-2d2ac8aba14f] received
[2024-12-03 21:48:35,708: INFO/ForkPoolWorker-7] Task tasks.email_tasks.send_monthly_activity_reports[66249fce-eed7-4b2d-b0aa-2d2ac8aba14f] succeeded in 0.044074658999761596s: 'Monthly activity reports sent to all users.'
[2024-12-03 21:48:40,663: INFO/MainProcess] Task tasks.email_tasks.send_monthly_activity_reports[08a19174-cd43-4649-8e07-5a5762e5f0dc] received
[2024-12-03 21:48:40,710: INFO/ForkPoolWorker-7] Task tasks.email_tasks.send_monthly_activity_reports[08a19174-cd43-4649-8e07-5a5762e5f0dc] succeeded in 0.045564481999917916s: 'Monthly activity reports sent to all users.'
[2024-12-03 21:48:45,664: INFO/MainProcess] Task tasks.email_tasks.send_monthly_activity_reports[36db424a-b4ed-4068-866f-c8539a771ca3] received
[2024-12-03 21:48:45,754: INFO/ForkPoolWorker-7] Task tasks.email_tasks.send_monthly_activity_reports[36db424a-b4ed-4068-866f-c8539a771ca3] succeeded in 0.08653897300018798s: 'Monthly activity reports sent to all users.'
[2024-12-03 21:48:50,664: INFO/MainProcess] Task tasks.email_tasks.send_monthly_activity_reports[2f51ece7-e177-4ca1-aff9-0c4f13533752] received
[2024-12-03 21:48:50,740: INFO/ForkPoolWorker-7] Task tasks.email_tasks.send_monthly_activity_reports[2f51ece7-e177-4ca1-aff9-0c4f13533752] succeeded in 0.07434021200015195s: 'Monthly activity reports sent to all users.'
[2024-12-03 21:48:55,665: INFO/MainProcess] Task tasks.email_tasks.send_monthly_activity_reports[d18f066a-5d65-4d22-8511-1908d712cef2] received
[2024-12-03 21:48:55,740: INFO/ForkPoolWorker-7] Task tasks.email_tasks.send_monthly_activity_reports[d18f066a-5d65-4d22-8511-1908d712cef2] succeeded in 0.07145693999973446s: 'Monthly activity reports sent to all users.'
[2024-12-03 21:49:00,664: INFO/MainProcess] Task tasks.email_tasks.send_monthly_activity_reports[6a1b3991-e1da-405d-bfc8-9edfe2011c79] received
[2024-12-03 21:49:00,796: INFO/ForkPoolWorker-7] Task tasks.email_tasks.send_monthly_activity_reports[6a1b3991-e1da-405d-bfc8-9edfe2011c79] succeeded in 0.1296846599998389s: 'Monthly activity reports sent to all users.'
[2024-12-03 21:49:05,666: INFO/MainProcess] Task tasks.email_tasks.send_monthly_activity_reports[7b25c996-8bf3-4105-954b-a103fca0922d] received
[2024-12-03 21:49:06,362: INFO/ForkPoolWorker-7] Task tasks.email_tasks.send_monthly_activity_reports[7b25c996-8bf3-4105-954b-a103fca0922d] succeeded in 0.6835077810001167s: 'Monthly activity reports sent to all users.'
[2024-12-03 21:49:10,666: INFO/MainProcess] Task tasks.email_tasks.send_monthly_activity_reports[978b774b-e2ee-4022-a32b-1f4515ecbf33] received
[2024-12-03 21:49:10,785: INFO/ForkPoolWorker-7] Task tasks.email_tasks.send_monthly_activity_reports[978b774b-e2ee-4022-a32b-1f4515ecbf33] succeeded in 0.1153638589998991s: 'Monthly activity reports sent to all users.'
[2024-12-03 21:49:15,664: INFO/MainProcess] Task tasks.email_tasks.send_monthly_activity_reports[336a6751-7728-4a5a-996c-81689f5c504b] received
[2024-12-03 21:49:15,759: INFO/ForkPoolWorker-7] Task tasks.email_tasks.send_monthly_activity_reports[336a6751-7728-4a5a-996c-81689f5c504b] succeeded in 0.09388781300003757s: 'Monthly activity reports sent to all users.'
[2024-12-03 21:49:20,711: INFO/MainProcess] Task tasks.email_tasks.send_monthly_activity_reports[21586055-791c-497d-8746-654c2a436a7e] received
[2024-12-03 21:49:20,813: INFO/ForkPoolWorker-7] Task tasks.email_tasks.send_monthly_activity_reports[21586055-791c-497d-8746-654c2a436a7e] succeeded in 0.09980235600005471s: 'Monthly activity reports sent to all users.'
[2024-12-03 21:49:25,704: INFO/MainProcess] Task tasks.email_tasks.send_monthly_activity_reports[2fd92fd7-2faa-4588-8e5b-fd10671b9745] received
[2024-12-03 21:49:25,789: INFO/ForkPoolWorker-7] Task tasks.email_tasks.send_monthly_activity_reports[2fd92fd7-2faa-4588-8e5b-fd10671b9745] succeeded in 0.08236193599987018s: 'Monthly activity reports sent to all users.'
[2024-12-03 21:49:30,703: INFO/MainProcess] Task tasks.email_tasks.send_monthly_activity_reports[356ce571-5b79-4382-a121-04d354da0cce] received
[2024-12-03 21:49:30,779: INFO/ForkPoolWorker-7] Task tasks.email_tasks.send_monthly_activity_reports[356ce571-5b79-4382-a121-04d354da0cce] succeeded in 0.07457540399991558s: 'Monthly activity reports sent to all users.'
[2024-12-03 21:49:35,703: INFO/MainProcess] Task tasks.email_tasks.send_monthly_activity_reports[3d0812bc-cf40-4228-a0b6-1723ed135825] received
[2024-12-03 21:49:35,741: INFO/ForkPoolWorker-7] Task tasks.email_tasks.send_monthly_activity_reports[3d0812bc-cf40-4228-a0b6-1723ed135825] succeeded in 0.03616325599978154s: 'Monthly activity reports sent to all users.'
[2024-12-03 21:49:40,705: INFO/MainProcess] Task tasks.email_tasks.send_monthly_activity_reports[3c2a8ef7-b320-407d-b154-69f73938b9d3] received
[2024-12-03 21:49:40,799: INFO/ForkPoolWorker-7] Task tasks.email_tasks.send_monthly_activity_reports[3c2a8ef7-b320-407d-b154-69f73938b9d3] succeeded in 0.08357733100001496s: 'Monthly activity reports sent to all users.'
[2024-12-03 21:49:41,796: INFO/MainProcess] Task tasks.email_tasks.notify_professionals_of_pending_requests[b69d4127-9895-4172-96d7-5623624a665b] received
[2024-12-03 21:49:41,853: INFO/ForkPoolWorker-7] Task tasks.email_tasks.notify_professionals_of_pending_requests[b69d4127-9895-4172-96d7-5623624a665b] succeeded in 0.05294986800026891s: 'Emails sent to professionals with pending requests.'
[2024-12-03 21:49:45,704: INFO/MainProcess] Task tasks.email_tasks.send_monthly_activity_reports[8c95898f-813f-472f-9285-96aa60f5ec84] received
[2024-12-03 21:49:45,773: INFO/ForkPoolWorker-7] Task tasks.email_tasks.send_monthly_activity_reports[8c95898f-813f-472f-9285-96aa60f5ec84] succeeded in 0.06695560299976933s: 'Monthly activity reports sent to all users.'
[2024-12-03 21:49:50,704: INFO/MainProcess] Task tasks.email_tasks.send_monthly_activity_reports[057ddf4c-01cc-4e31-906b-6e11e967fb4f] received
[2024-12-03 21:49:50,777: INFO/ForkPoolWorker-7] Task tasks.email_tasks.send_monthly_activity_reports[057ddf4c-01cc-4e31-906b-6e11e967fb4f] succeeded in 0.07175529999994978s: 'Monthly activity reports sent to all users.'
[2024-12-03 21:49:55,704: INFO/MainProcess] Task tasks.email_tasks.send_monthly_activity_reports[c4b5a370-83a1-400b-b276-f70d579f2fdf] received
[2024-12-03 21:49:55,778: INFO/ForkPoolWorker-7] Task tasks.email_tasks.send_monthly_activity_reports[c4b5a370-83a1-400b-b276-f70d579f2fdf] succeeded in 0.07297274900020057s: 'Monthly activity reports sent to all users.'
[2024-12-03 21:50:00,705: INFO/MainProcess] Task tasks.email_tasks.send_monthly_activity_reports[5ce5ccc1-69e4-4dd1-af2d-9981f6e878d0] received
[2024-12-03 21:50:00,800: INFO/ForkPoolWorker-7] Task tasks.email_tasks.send_monthly_activity_reports[5ce5ccc1-69e4-4dd1-af2d-9981f6e878d0] succeeded in 0.09267296000007264s: 'Monthly activity reports sent to all users.'
[2024-12-03 21:50:05,704: INFO/MainProcess] Task tasks.email_tasks.send_monthly_activity_reports[fc549f4d-4f5f-455e-a5e1-e890fd6d9176] received
[2024-12-03 21:50:05,758: INFO/ForkPoolWorker-7] Task tasks.email_tasks.send_monthly_activity_reports[fc549f4d-4f5f-455e-a5e1-e890fd6d9176] succeeded in 0.05188896099980411s: 'Monthly activity reports sent to all users.'
[2024-12-03 21:50:10,704: INFO/MainProcess] Task tasks.email_tasks.send_monthly_activity_reports[1f68c59a-9cf3-41fc-b92c-3de2596bbd85] received
[2024-12-03 21:50:10,778: INFO/ForkPoolWorker-7] Task tasks.email_tasks.send_monthly_activity_reports[1f68c59a-9cf3-41fc-b92c-3de2596bbd85] succeeded in 0.07192950900025608s: 'Monthly activity reports sent to all users.'
[2024-12-03 21:50:15,704: INFO/MainProcess] Task tasks.email_tasks.send_monthly_activity_reports[b7a176d3-5191-4723-bdcf-939cc331e030] received
[2024-12-03 21:50:15,740: INFO/ForkPoolWorker-7] Task tasks.email_tasks.send_monthly_activity_reports[b7a176d3-5191-4723-bdcf-939cc331e030] succeeded in 0.03474310299998251s: 'Monthly activity reports sent to all users.'
[2024-12-03 21:50:20,704: INFO/MainProcess] Task tasks.email_tasks.send_monthly_activity_reports[868c85e6-2d13-4330-9a4a-d07b6d1343be] received
[2024-12-03 21:50:20,751: INFO/ForkPoolWorker-7] Task tasks.email_tasks.send_monthly_activity_reports[868c85e6-2d13-4330-9a4a-d07b6d1343be] succeeded in 0.044657422000000224s: 'Monthly activity reports sent to all users.'
[2024-12-03 21:50:25,704: INFO/MainProcess] Task tasks.email_tasks.send_monthly_activity_reports[4d8da636-27d2-463f-b5fc-954759c5478f] received
[2024-12-03 21:50:25,763: INFO/ForkPoolWorker-7] Task tasks.email_tasks.send_monthly_activity_reports[4d8da636-27d2-463f-b5fc-954759c5478f] succeeded in 0.05576967400020294s: 'Monthly activity reports sent to all users.'
[2024-12-03 21:50:30,705: INFO/MainProcess] Task tasks.email_tasks.send_monthly_activity_reports[0a9bb5a2-6b34-4ce0-8c4d-57dee0ea9fff] received
[2024-12-03 21:50:30,748: INFO/ForkPoolWorker-7] Task tasks.email_tasks.send_monthly_activity_reports[0a9bb5a2-6b34-4ce0-8c4d-57dee0ea9fff] succeeded in 0.041286634000243794s: 'Monthly activity reports sent to all users.'
[2024-12-03 21:50:35,705: INFO/MainProcess] Task tasks.email_tasks.send_monthly_activity_reports[d0b14598-4cc2-41a6-89c8-66d1f96d8ad1] received
[2024-12-03 21:50:35,740: INFO/ForkPoolWorker-7] Task tasks.email_tasks.send_monthly_activity_reports[d0b14598-4cc2-41a6-89c8-66d1f96d8ad1] succeeded in 0.03378330500027005s: 'Monthly activity reports sent to all users.'
[2024-12-03 21:50:40,704: INFO/MainProcess] Task tasks.email_tasks.send_monthly_activity_reports[118f4b26-7ba6-4603-9016-374f63dc886b] received
[2024-12-03 21:50:40,747: INFO/ForkPoolWorker-7] Task tasks.email_tasks.send_monthly_activity_reports[118f4b26-7ba6-4603-9016-374f63dc886b] succeeded in 0.04046645100015667s: 'Monthly activity reports sent to all users.'
[2024-12-03 21:50:45,704: INFO/MainProcess] Task tasks.email_tasks.send_monthly_activity_reports[ed65f941-db22-436c-9f49-eb78f7c2cbef] received
[2024-12-03 21:50:45,744: INFO/ForkPoolWorker-7] Task tasks.email_tasks.send_monthly_activity_reports[ed65f941-db22-436c-9f49-eb78f7c2cbef] succeeded in 0.037967218999710894s: 'Monthly activity reports sent to all users.'
[2024-12-03 21:50:50,704: INFO/MainProcess] Task tasks.email_tasks.send_monthly_activity_reports[8d4d5edf-f347-4a2a-a99c-f4063931f0b0] received
[2024-12-03 21:50:50,747: INFO/ForkPoolWorker-7] Task tasks.email_tasks.send_monthly_activity_reports[8d4d5edf-f347-4a2a-a99c-f4063931f0b0] succeeded in 0.04080079300001671s: 'Monthly activity reports sent to all users.'
[2024-12-03 21:50:55,704: INFO/MainProcess] Task tasks.email_tasks.send_monthly_activity_reports[e1cdba8a-a659-4971-9091-6f52e5f9ad7f] received
[2024-12-03 21:50:55,741: INFO/ForkPoolWorker-7] Task tasks.email_tasks.send_monthly_activity_reports[e1cdba8a-a659-4971-9091-6f52e5f9ad7f] succeeded in 0.036257279999972525s: 'Monthly activity reports sent to all users.'
[2024-12-03 21:51:00,704: INFO/MainProcess] Task tasks.email_tasks.send_monthly_activity_reports[f6cadf6b-f76b-4584-ab8e-f0632e024a67] received
[2024-12-03 21:51:00,741: INFO/ForkPoolWorker-7] Task tasks.email_tasks.send_monthly_activity_reports[f6cadf6b-f76b-4584-ab8e-f0632e024a67] succeeded in 0.03593982300026255s: 'Monthly activity reports sent to all users.'
[2024-12-03 21:51:05,704: INFO/MainProcess] Task tasks.email_tasks.send_monthly_activity_reports[c4e0b7e0-83e4-492d-a77c-1c9faf8d66d6] received
[2024-12-03 21:51:05,746: INFO/ForkPoolWorker-7] Task tasks.email_tasks.send_monthly_activity_reports[c4e0b7e0-83e4-492d-a77c-1c9faf8d66d6] succeeded in 0.040297561999977916s: 'Monthly activity reports sent to all users.'
[2024-12-03 21:51:10,704: INFO/MainProcess] Task tasks.email_tasks.send_monthly_activity_reports[dab7f6c7-9032-49ed-9b92-d866fa65ef6c] received
[2024-12-03 21:51:10,742: INFO/ForkPoolWorker-7] Task tasks.email_tasks.send_monthly_activity_reports[dab7f6c7-9032-49ed-9b92-d866fa65ef6c] succeeded in 0.03694008299999041s: 'Monthly activity reports sent to all users.'
[2024-12-03 21:51:15,704: INFO/MainProcess] Task tasks.email_tasks.send_monthly_activity_reports[81d45365-d758-4a1a-a9bd-7a557c8ee57a] received
[2024-12-03 21:51:15,739: INFO/ForkPoolWorker-7] Task tasks.email_tasks.send_monthly_activity_reports[81d45365-d758-4a1a-a9bd-7a557c8ee57a] succeeded in 0.03316813500032367s: 'Monthly activity reports sent to all users.'
[2024-12-03 21:51:20,704: INFO/MainProcess] Task tasks.email_tasks.send_monthly_activity_reports[f88adf1f-19a1-482b-b4e1-f6197529a203] received
[2024-12-03 21:51:20,741: INFO/ForkPoolWorker-7] Task tasks.email_tasks.send_monthly_activity_reports[f88adf1f-19a1-482b-b4e1-f6197529a203] succeeded in 0.03584941000008257s: 'Monthly activity reports sent to all users.'
[2024-12-03 21:51:25,704: INFO/MainProcess] Task tasks.email_tasks.send_monthly_activity_reports[c672e243-0138-4242-b732-14ef38c9abf8] received
[2024-12-03 21:51:25,744: INFO/ForkPoolWorker-7] Task tasks.email_tasks.send_monthly_activity_reports[c672e243-0138-4242-b732-14ef38c9abf8] succeeded in 0.037672542999644065s: 'Monthly activity reports sent to all users.'
[2024-12-03 21:51:30,704: INFO/MainProcess] Task tasks.email_tasks.send_monthly_activity_reports[f5064ee4-027b-4999-bab9-2ba4a788ad03] received
[2024-12-03 21:51:30,747: INFO/ForkPoolWorker-7] Task tasks.email_tasks.send_monthly_activity_reports[f5064ee4-027b-4999-bab9-2ba4a788ad03] succeeded in 0.0391132300001118s: 'Monthly activity reports sent to all users.'
[2024-12-03 21:51:35,704: INFO/MainProcess] Task tasks.email_tasks.send_monthly_activity_reports[6377e805-55e9-4c90-874e-8ca2b2a2d55f] received
[2024-12-03 21:51:35,764: INFO/ForkPoolWorker-7] Task tasks.email_tasks.send_monthly_activity_reports[6377e805-55e9-4c90-874e-8ca2b2a2d55f] succeeded in 0.05777871500004039s: 'Monthly activity reports sent to all users.'
[2024-12-03 21:51:40,705: INFO/MainProcess] Task tasks.email_tasks.send_monthly_activity_reports[61b13a9b-444f-44e8-bc07-a433556efd2d] received
[2024-12-03 21:51:40,744: INFO/ForkPoolWorker-7] Task tasks.email_tasks.send_monthly_activity_reports[61b13a9b-444f-44e8-bc07-a433556efd2d] succeeded in 0.03654215699998531s: 'Monthly activity reports sent to all users.'
[2024-12-03 21:51:45,704: INFO/MainProcess] Task tasks.email_tasks.send_monthly_activity_reports[17166825-0189-4d28-a0f5-d7859de5a282] received
[2024-12-03 21:51:45,746: INFO/ForkPoolWorker-7] Task tasks.email_tasks.send_monthly_activity_reports[17166825-0189-4d28-a0f5-d7859de5a282] succeeded in 0.04047395299994605s: 'Monthly activity reports sent to all users.'
[2024-12-03 21:51:50,704: INFO/MainProcess] Task tasks.email_tasks.send_monthly_activity_reports[0adf02f0-4193-4352-969c-0da3c450cf85] received
[2024-12-03 21:51:50,744: INFO/ForkPoolWorker-7] Task tasks.email_tasks.send_monthly_activity_reports[0adf02f0-4193-4352-969c-0da3c450cf85] succeeded in 0.03847349400029998s: 'Monthly activity reports sent to all users.'
[2024-12-03 21:51:55,705: INFO/MainProcess] Task tasks.email_tasks.send_monthly_activity_reports[c121bb43-0515-49d6-aa31-2677e9e5c94a] received
[2024-12-03 21:51:55,742: INFO/ForkPoolWorker-7] Task tasks.email_tasks.send_monthly_activity_reports[c121bb43-0515-49d6-aa31-2677e9e5c94a] succeeded in 0.03590816199994151s: 'Monthly activity reports sent to all users.'
[2024-12-03 21:52:00,704: INFO/MainProcess] Task tasks.email_tasks.send_monthly_activity_reports[38d30f7d-f7bc-4ab9-b738-d819a8d1fbf2] received
[2024-12-03 21:52:00,739: INFO/ForkPoolWorker-7] Task tasks.email_tasks.send_monthly_activity_reports[38d30f7d-f7bc-4ab9-b738-d819a8d1fbf2] succeeded in 0.03358137600025657s: 'Monthly activity reports sent to all users.'
[2024-12-03 21:52:05,704: INFO/MainProcess] Task tasks.email_tasks.send_monthly_activity_reports[c2cb7d6a-6457-4e7a-9d9b-9229c555c530] received
[2024-12-03 21:52:05,748: INFO/ForkPoolWorker-7] Task tasks.email_tasks.send_monthly_activity_reports[c2cb7d6a-6457-4e7a-9d9b-9229c555c530] succeeded in 0.042476832999909675s: 'Monthly activity reports sent to all users.'
[2024-12-03 21:52:10,704: INFO/MainProcess] Task tasks.email_tasks.send_monthly_activity_reports[bbc65774-f3d3-4ff9-83d1-8bc1bc24d8fc] received
[2024-12-03 21:52:10,741: INFO/ForkPoolWorker-7] Task tasks.email_tasks.send_monthly_activity_reports[bbc65774-f3d3-4ff9-83d1-8bc1bc24d8fc] succeeded in 0.03510774699998365s: 'Monthly activity reports sent to all users.'
[2024-12-03 21:52:11,788: INFO/MainProcess] Task tasks.email_tasks.notify_professionals_of_pending_requests[3d718825-9ba4-4766-be70-a86503ac9aa8] received
[2024-12-03 21:52:11,814: INFO/ForkPoolWorker-7] Task tasks.email_tasks.notify_professionals_of_pending_requests[3d718825-9ba4-4766-be70-a86503ac9aa8] succeeded in 0.023774103000050673s: 'Emails sent to professionals with pending requests.'
[2024-12-03 21:52:15,704: INFO/MainProcess] Task tasks.email_tasks.send_monthly_activity_reports[6a6f0180-4235-495a-aa9c-6e63cd5ce7e8] received
[2024-12-03 21:52:15,764: INFO/ForkPoolWorker-7] Task tasks.email_tasks.send_monthly_activity_reports[6a6f0180-4235-495a-aa9c-6e63cd5ce7e8] succeeded in 0.05726045300025362s: 'Monthly activity reports sent to all users.'
[2024-12-03 21:52:20,723: INFO/MainProcess] Task tasks.email_tasks.send_monthly_activity_reports[b3ffb9cc-d125-45cd-b9f5-e4013df98228] received
[2024-12-03 21:52:20,756: INFO/ForkPoolWorker-7] Task tasks.email_tasks.send_monthly_activity_reports[b3ffb9cc-d125-45cd-b9f5-e4013df98228] succeeded in 0.03189697499965405s: 'Monthly activity reports sent to all users.'
[2024-12-03 21:52:25,722: INFO/MainProcess] Task tasks.email_tasks.send_monthly_activity_reports[deed5405-df70-4c5b-acf0-3d9b41966b25] received
[2024-12-03 21:52:25,762: INFO/ForkPoolWorker-7] Task tasks.email_tasks.send_monthly_activity_reports[deed5405-df70-4c5b-acf0-3d9b41966b25] succeeded in 0.03806845600001907s: 'Monthly activity reports sent to all users.'
[2024-12-03 21:52:30,722: INFO/MainProcess] Task tasks.email_tasks.send_monthly_activity_reports[3bf14f26-889a-4ca9-b8c8-51fb98b73346] received
[2024-12-03 21:52:30,760: INFO/ForkPoolWorker-7] Task tasks.email_tasks.send_monthly_activity_reports[3bf14f26-889a-4ca9-b8c8-51fb98b73346] succeeded in 0.03599051699984557s: 'Monthly activity reports sent to all users.'
[2024-12-03 21:52:35,723: INFO/MainProcess] Task tasks.email_tasks.send_monthly_activity_reports[7ce93186-15b7-48af-9d3a-914e44b3de74] received
[2024-12-03 21:52:35,768: INFO/ForkPoolWorker-7] Task tasks.email_tasks.send_monthly_activity_reports[7ce93186-15b7-48af-9d3a-914e44b3de74] succeeded in 0.04262413700007528s: 'Monthly activity reports sent to all users.'
[2024-12-03 21:52:40,722: INFO/MainProcess] Task tasks.email_tasks.send_monthly_activity_reports[aaf40b6a-1462-480b-8c3b-dc708dd64603] received
[2024-12-03 21:52:40,761: INFO/ForkPoolWorker-7] Task tasks.email_tasks.send_monthly_activity_reports[aaf40b6a-1462-480b-8c3b-dc708dd64603] succeeded in 0.03646436700000777s: 'Monthly activity reports sent to all users.'
[2024-12-03 21:52:45,723: INFO/MainProcess] Task tasks.email_tasks.send_monthly_activity_reports[47efacbf-2667-4b81-9948-b9e1ecb879eb] received
[2024-12-03 21:52:45,758: INFO/ForkPoolWorker-7] Task tasks.email_tasks.send_monthly_activity_reports[47efacbf-2667-4b81-9948-b9e1ecb879eb] succeeded in 0.03317671100012376s: 'Monthly activity reports sent to all users.'
[2024-12-03 21:52:50,723: INFO/MainProcess] Task tasks.email_tasks.send_monthly_activity_reports[fe2f1a75-a4ef-4800-bf8c-b9b5b4c428bc] received
[2024-12-03 21:52:50,762: INFO/ForkPoolWorker-7] Task tasks.email_tasks.send_monthly_activity_reports[fe2f1a75-a4ef-4800-bf8c-b9b5b4c428bc] succeeded in 0.03750701900025888s: 'Monthly activity reports sent to all users.'
[2024-12-03 21:52:55,723: INFO/MainProcess] Task tasks.email_tasks.send_monthly_activity_reports[d8ed657a-d4a5-4509-93cb-5fff02feb816] received
[2024-12-03 21:52:55,764: INFO/ForkPoolWorker-7] Task tasks.email_tasks.send_monthly_activity_reports[d8ed657a-d4a5-4509-93cb-5fff02feb816] succeeded in 0.038038024000343285s: 'Monthly activity reports sent to all users.'
[2024-12-03 21:53:00,723: INFO/MainProcess] Task tasks.email_tasks.send_monthly_activity_reports[b75ed7aa-6f75-4ff0-b922-1bb5fe2db187] received
[2024-12-03 21:53:00,761: INFO/ForkPoolWorker-7] Task tasks.email_tasks.send_monthly_activity_reports[b75ed7aa-6f75-4ff0-b922-1bb5fe2db187] succeeded in 0.03670521899994128s: 'Monthly activity reports sent to all users.'
[2024-12-03 21:53:05,723: INFO/MainProcess] Task tasks.email_tasks.send_monthly_activity_reports[a854d7a6-7ea4-473d-a6df-aa2d876a7ef9] received
[2024-12-03 21:53:05,764: INFO/ForkPoolWorker-7] Task tasks.email_tasks.send_monthly_activity_reports[a854d7a6-7ea4-473d-a6df-aa2d876a7ef9] succeeded in 0.039268971999717905s: 'Monthly activity reports sent to all users.'
[2024-12-03 21:53:10,723: INFO/MainProcess] Task tasks.email_tasks.send_monthly_activity_reports[42274930-0b5a-46c9-9dd6-00a14a9b3168] received
[2024-12-03 21:53:10,769: INFO/ForkPoolWorker-7] Task tasks.email_tasks.send_monthly_activity_reports[42274930-0b5a-46c9-9dd6-00a14a9b3168] succeeded in 0.044545147999997425s: 'Monthly activity reports sent to all users.'
[2024-12-03 21:53:15,723: INFO/MainProcess] Task tasks.email_tasks.send_monthly_activity_reports[b6f2e184-4a1e-4212-9b21-1b13334e63d4] received
[2024-12-03 21:53:15,758: INFO/ForkPoolWorker-7] Task tasks.email_tasks.send_monthly_activity_reports[b6f2e184-4a1e-4212-9b21-1b13334e63d4] succeeded in 0.03405355800032339s: 'Monthly activity reports sent to all users.'
[2024-12-03 21:53:20,723: INFO/MainProcess] Task tasks.email_tasks.send_monthly_activity_reports[c7407c32-769a-4ef7-b3b1-bcd333f3ca24] received
[2024-12-03 21:53:20,760: INFO/ForkPoolWorker-7] Task tasks.email_tasks.send_monthly_activity_reports[c7407c32-769a-4ef7-b3b1-bcd333f3ca24] succeeded in 0.035718311999971775s: 'Monthly activity reports sent to all users.'
[2024-12-03 21:53:25,723: INFO/MainProcess] Task tasks.email_tasks.send_monthly_activity_reports[86b9d445-5506-47b0-adef-846f48a9f052] received
[2024-12-03 21:53:25,764: INFO/ForkPoolWorker-7] Task tasks.email_tasks.send_monthly_activity_reports[86b9d445-5506-47b0-adef-846f48a9f052] succeeded in 0.038641243999791186s: 'Monthly activity reports sent to all users.'
[2024-12-03 21:53:30,723: INFO/MainProcess] Task tasks.email_tasks.send_monthly_activity_reports[1da8d2bc-a433-4f29-81e5-d64cd16ffee9] received
[2024-12-03 21:53:30,758: INFO/ForkPoolWorker-7] Task tasks.email_tasks.send_monthly_activity_reports[1da8d2bc-a433-4f29-81e5-d64cd16ffee9] succeeded in 0.03388974700010294s: 'Monthly activity reports sent to all users.'
[2024-12-03 21:53:35,723: INFO/MainProcess] Task tasks.email_tasks.send_monthly_activity_reports[6f6a46ec-5ee2-4280-a61e-d5024ec5cfb2] received
[2024-12-03 21:53:35,772: INFO/ForkPoolWorker-7] Task tasks.email_tasks.send_monthly_activity_reports[6f6a46ec-5ee2-4280-a61e-d5024ec5cfb2] succeeded in 0.04618964400015102s: 'Monthly activity reports sent to all users.'
[2024-12-03 21:53:40,723: INFO/MainProcess] Task tasks.email_tasks.send_monthly_activity_reports[a45eaa42-8959-4c33-9eaa-801597e8ada6] received
[2024-12-03 21:53:40,770: INFO/ForkPoolWorker-7] Task tasks.email_tasks.send_monthly_activity_reports[a45eaa42-8959-4c33-9eaa-801597e8ada6] succeeded in 0.04561378900007185s: 'Monthly activity reports sent to all users.'
[2024-12-03 21:53:45,723: INFO/MainProcess] Task tasks.email_tasks.send_monthly_activity_reports[6d9a4801-495c-4623-bbfa-c69e961947f0] received
[2024-12-03 21:53:45,758: INFO/ForkPoolWorker-7] Task tasks.email_tasks.send_monthly_activity_reports[6d9a4801-495c-4623-bbfa-c69e961947f0] succeeded in 0.033265266999933374s: 'Monthly activity reports sent to all users.'
[2024-12-03 21:53:50,723: INFO/MainProcess] Task tasks.email_tasks.send_monthly_activity_reports[96ec0f55-8c60-48ad-9d7a-fb1a48ae9301] received
[2024-12-03 21:53:50,766: INFO/ForkPoolWorker-7] Task tasks.email_tasks.send_monthly_activity_reports[96ec0f55-8c60-48ad-9d7a-fb1a48ae9301] succeeded in 0.041175832000135415s: 'Monthly activity reports sent to all users.'
[2024-12-03 21:53:55,723: INFO/MainProcess] Task tasks.email_tasks.send_monthly_activity_reports[5176d767-2572-4ddc-ae3b-4b016e2e6283] received
[2024-12-03 21:53:55,762: INFO/ForkPoolWorker-7] Task tasks.email_tasks.send_monthly_activity_reports[5176d767-2572-4ddc-ae3b-4b016e2e6283] succeeded in 0.03715870199994242s: 'Monthly activity reports sent to all users.'
[2024-12-03 21:54:00,723: INFO/MainProcess] Task tasks.email_tasks.send_monthly_activity_reports[186d3a7e-fa8a-4819-966e-2189099ede6b] received
[2024-12-03 21:54:00,768: INFO/ForkPoolWorker-7] Task tasks.email_tasks.send_monthly_activity_reports[186d3a7e-fa8a-4819-966e-2189099ede6b] succeeded in 0.04281356399997094s: 'Monthly activity reports sent to all users.'
[2024-12-03 21:54:05,723: INFO/MainProcess] Task tasks.email_tasks.send_monthly_activity_reports[819f6701-5929-4585-b3cb-a90bf3245d7e] received
[2024-12-03 21:54:05,765: INFO/ForkPoolWorker-7] Task tasks.email_tasks.send_monthly_activity_reports[819f6701-5929-4585-b3cb-a90bf3245d7e] succeeded in 0.03968974400004299s: 'Monthly activity reports sent to all users.'
[2024-12-03 21:54:10,723: INFO/MainProcess] Task tasks.email_tasks.send_monthly_activity_reports[78dfcb52-6cc4-4cf6-91b6-eabda2a7d0dc] received
[2024-12-03 21:54:10,761: INFO/ForkPoolWorker-7] Task tasks.email_tasks.send_monthly_activity_reports[78dfcb52-6cc4-4cf6-91b6-eabda2a7d0dc] succeeded in 0.03610671199976423s: 'Monthly activity reports sent to all users.'
[2024-12-03 21:54:15,724: INFO/MainProcess] Task tasks.email_tasks.send_monthly_activity_reports[8470795b-f032-406c-aa69-318f80cd2834] received
[2024-12-03 21:54:15,763: INFO/ForkPoolWorker-7] Task tasks.email_tasks.send_monthly_activity_reports[8470795b-f032-406c-aa69-318f80cd2834] succeeded in 0.0369987740000397s: 'Monthly activity reports sent to all users.'
[2024-12-03 21:54:20,723: INFO/MainProcess] Task tasks.email_tasks.send_monthly_activity_reports[5853556f-94ba-426e-8c4c-64e66c6aa3e4] received
[2024-12-03 21:54:20,763: INFO/ForkPoolWorker-7] Task tasks.email_tasks.send_monthly_activity_reports[5853556f-94ba-426e-8c4c-64e66c6aa3e4] succeeded in 0.03845889900003385s: 'Monthly activity reports sent to all users.'
[2024-12-03 21:54:25,723: INFO/MainProcess] Task tasks.email_tasks.send_monthly_activity_reports[e34786ce-25e6-4bb8-ab97-89fedc1f49b2] received
[2024-12-03 21:54:25,762: INFO/ForkPoolWorker-7] Task tasks.email_tasks.send_monthly_activity_reports[e34786ce-25e6-4bb8-ab97-89fedc1f49b2] succeeded in 0.037362839999786956s: 'Monthly activity reports sent to all users.'
[2024-12-03 21:54:30,723: INFO/MainProcess] Task tasks.email_tasks.send_monthly_activity_reports[df544a36-02e3-4894-9295-8ae763d28c27] received
[2024-12-03 21:54:30,768: INFO/ForkPoolWorker-7] Task tasks.email_tasks.send_monthly_activity_reports[df544a36-02e3-4894-9295-8ae763d28c27] succeeded in 0.042788101000041934s: 'Monthly activity reports sent to all users.'
[2024-12-03 21:54:35,730: INFO/MainProcess] Task tasks.email_tasks.send_monthly_activity_reports[5083f9f7-4387-4376-818b-b1d71e22651a] received
[2024-12-03 21:54:35,767: INFO/ForkPoolWorker-7] Task tasks.email_tasks.send_monthly_activity_reports[5083f9f7-4387-4376-818b-b1d71e22651a] succeeded in 0.03502534499966714s: 'Monthly activity reports sent to all users.'
[2024-12-03 21:54:40,724: INFO/MainProcess] Task tasks.email_tasks.send_monthly_activity_reports[a4ef1ea0-67bf-466c-8e9a-f0dc6a0ef89a] received
[2024-12-03 21:54:40,765: INFO/ForkPoolWorker-7] Task tasks.email_tasks.send_monthly_activity_reports[a4ef1ea0-67bf-466c-8e9a-f0dc6a0ef89a] succeeded in 0.039103915999930905s: 'Monthly activity reports sent to all users.'
[2024-12-03 21:54:41,787: INFO/MainProcess] Task tasks.email_tasks.notify_professionals_of_pending_requests[85bc3e96-b341-44df-a5eb-421ccb69a524] received
[2024-12-03 21:54:41,799: INFO/ForkPoolWorker-7] Task tasks.email_tasks.notify_professionals_of_pending_requests[85bc3e96-b341-44df-a5eb-421ccb69a524] succeeded in 0.010361785999975837s: 'Emails sent to professionals with pending requests.'
[2024-12-03 21:54:45,723: INFO/MainProcess] Task tasks.email_tasks.send_monthly_activity_reports[91f48c19-4a90-4828-bb69-67af0e708d12] received
[2024-12-03 21:54:45,761: INFO/ForkPoolWorker-7] Task tasks.email_tasks.send_monthly_activity_reports[91f48c19-4a90-4828-bb69-67af0e708d12] succeeded in 0.034970182000051864s: 'Monthly activity reports sent to all users.'
[2024-12-03 21:54:50,723: INFO/MainProcess] Task tasks.email_tasks.send_monthly_activity_reports[9cd09f31-098b-4778-83c9-3773d255bfb0] received
[2024-12-03 21:54:50,765: INFO/ForkPoolWorker-7] Task tasks.email_tasks.send_monthly_activity_reports[9cd09f31-098b-4778-83c9-3773d255bfb0] succeeded in 0.03970780800000284s: 'Monthly activity reports sent to all users.'
[2024-12-03 21:54:55,724: INFO/MainProcess] Task tasks.email_tasks.send_monthly_activity_reports[86afa46c-521d-42b4-87d2-dce83c913632] received
[2024-12-03 21:54:55,763: INFO/ForkPoolWorker-7] Task tasks.email_tasks.send_monthly_activity_reports[86afa46c-521d-42b4-87d2-dce83c913632] succeeded in 0.03683899799989376s: 'Monthly activity reports sent to all users.'
[2024-12-03 21:55:00,723: INFO/MainProcess] Task tasks.email_tasks.send_monthly_activity_reports[fa5c74f5-1eb6-4963-b98f-d2e31f25491a] received
[2024-12-03 21:55:00,766: INFO/ForkPoolWorker-7] Task tasks.email_tasks.send_monthly_activity_reports[fa5c74f5-1eb6-4963-b98f-d2e31f25491a] succeeded in 0.040142826000192144s: 'Monthly activity reports sent to all users.'
[2024-12-03 21:55:05,724: INFO/MainProcess] Task tasks.email_tasks.send_monthly_activity_reports[fcef5a75-ff65-46a7-809e-2d22933b3748] received
[2024-12-03 21:55:05,767: INFO/ForkPoolWorker-7] Task tasks.email_tasks.send_monthly_activity_reports[fcef5a75-ff65-46a7-809e-2d22933b3748] succeeded in 0.04054229799976383s: 'Monthly activity reports sent to all users.'
[2024-12-03 21:55:10,724: INFO/MainProcess] Task tasks.email_tasks.send_monthly_activity_reports[5d551e29-59ce-464a-98ac-48b70a577c3a] received
[2024-12-03 21:55:10,763: INFO/ForkPoolWorker-7] Task tasks.email_tasks.send_monthly_activity_reports[5d551e29-59ce-464a-98ac-48b70a577c3a] succeeded in 0.03738668400001188s: 'Monthly activity reports sent to all users.'
[2024-12-03 21:55:15,724: INFO/MainProcess] Task tasks.email_tasks.send_monthly_activity_reports[ded543f9-9926-435f-bbc7-bea499e36a14] received
[2024-12-03 21:55:15,764: INFO/ForkPoolWorker-7] Task tasks.email_tasks.send_monthly_activity_reports[ded543f9-9926-435f-bbc7-bea499e36a14] succeeded in 0.03786226700003681s: 'Monthly activity reports sent to all users.'
[2024-12-03 21:55:20,727: INFO/MainProcess] Task tasks.email_tasks.send_monthly_activity_reports[dfad47a1-d55e-4665-a15d-7a1a294ef0dc] received
[2024-12-03 21:55:20,767: INFO/ForkPoolWorker-7] Task tasks.email_tasks.send_monthly_activity_reports[dfad47a1-d55e-4665-a15d-7a1a294ef0dc] succeeded in 0.037687270999867906s: 'Monthly activity reports sent to all users.'
[2024-12-03 21:55:25,728: INFO/MainProcess] Task tasks.email_tasks.send_monthly_activity_reports[8bba9350-e457-49ac-8706-35209dd2506f] received
[2024-12-03 21:55:25,772: INFO/ForkPoolWorker-7] Task tasks.email_tasks.send_monthly_activity_reports[8bba9350-e457-49ac-8706-35209dd2506f] succeeded in 0.04144243200016717s: 'Monthly activity reports sent to all users.'
[2024-12-03 21:55:30,728: INFO/MainProcess] Task tasks.email_tasks.send_monthly_activity_reports[2665d471-934a-49ca-a4c6-fb84b6a0ca44] received
[2024-12-03 21:55:30,767: INFO/ForkPoolWorker-7] Task tasks.email_tasks.send_monthly_activity_reports[2665d471-934a-49ca-a4c6-fb84b6a0ca44] succeeded in 0.03674691400010488s: 'Monthly activity reports sent to all users.'
[2024-12-03 21:55:35,728: INFO/MainProcess] Task tasks.email_tasks.send_monthly_activity_reports[747f267b-d051-41c0-985b-4cd8f1b7c1c1] received
[2024-12-03 21:55:35,771: INFO/ForkPoolWorker-7] Task tasks.email_tasks.send_monthly_activity_reports[747f267b-d051-41c0-985b-4cd8f1b7c1c1] succeeded in 0.04025239899965527s: 'Monthly activity reports sent to all users.'
[2024-12-03 21:55:40,728: INFO/MainProcess] Task tasks.email_tasks.send_monthly_activity_reports[31c9303f-67e7-4c2b-8e40-23eba23e5aae] received
[2024-12-03 21:55:40,774: INFO/ForkPoolWorker-7] Task tasks.email_tasks.send_monthly_activity_reports[31c9303f-67e7-4c2b-8e40-23eba23e5aae] succeeded in 0.043855532000179664s: 'Monthly activity reports sent to all users.'
[2024-12-03 21:55:45,728: INFO/MainProcess] Task tasks.email_tasks.send_monthly_activity_reports[fe437d94-c7eb-4c35-be95-75309363437c] received
[2024-12-03 21:55:45,772: INFO/ForkPoolWorker-7] Task tasks.email_tasks.send_monthly_activity_reports[fe437d94-c7eb-4c35-be95-75309363437c] succeeded in 0.04156383800000185s: 'Monthly activity reports sent to all users.'
[2024-12-03 21:55:50,728: INFO/MainProcess] Task tasks.email_tasks.send_monthly_activity_reports[0529a5b3-6bb9-49a6-9e17-e0520eb5f56b] received
[2024-12-03 21:55:50,772: INFO/ForkPoolWorker-7] Task tasks.email_tasks.send_monthly_activity_reports[0529a5b3-6bb9-49a6-9e17-e0520eb5f56b] succeeded in 0.04145283500020014s: 'Monthly activity reports sent to all users.'
[2024-12-03 21:55:55,728: INFO/MainProcess] Task tasks.email_tasks.send_monthly_activity_reports[871f933a-6176-4c9b-aa1c-0f4ab3e00b45] received
[2024-12-03 21:55:55,770: INFO/ForkPoolWorker-7] Task tasks.email_tasks.send_monthly_activity_reports[871f933a-6176-4c9b-aa1c-0f4ab3e00b45] succeeded in 0.04085864899980152s: 'Monthly activity reports sent to all users.'
[2024-12-03 21:56:00,728: INFO/MainProcess] Task tasks.email_tasks.send_monthly_activity_reports[7f4d4a94-c8b4-4742-bfe0-d3d29bd20eaf] received
[2024-12-03 21:56:00,770: INFO/ForkPoolWorker-7] Task tasks.email_tasks.send_monthly_activity_reports[7f4d4a94-c8b4-4742-bfe0-d3d29bd20eaf] succeeded in 0.03979554500028826s: 'Monthly activity reports sent to all users.'
[2024-12-03 21:56:05,728: INFO/MainProcess] Task tasks.email_tasks.send_monthly_activity_reports[3a1168d2-0a3b-4071-91d3-b5b01e9c40c9] received
[2024-12-03 21:56:05,767: INFO/ForkPoolWorker-7] Task tasks.email_tasks.send_monthly_activity_reports[3a1168d2-0a3b-4071-91d3-b5b01e9c40c9] succeeded in 0.03630785699988337s: 'Monthly activity reports sent to all users.'
[2024-12-03 21:56:10,728: INFO/MainProcess] Task tasks.email_tasks.send_monthly_activity_reports[dd2e4523-b6cf-498a-a915-718ba2493fa8] received
[2024-12-03 21:56:10,772: INFO/ForkPoolWorker-7] Task tasks.email_tasks.send_monthly_activity_reports[dd2e4523-b6cf-498a-a915-718ba2493fa8] succeeded in 0.04239404200006902s: 'Monthly activity reports sent to all users.'
[2024-12-03 21:56:15,727: INFO/MainProcess] Task tasks.email_tasks.send_monthly_activity_reports[b742049d-5688-456e-864f-c1c875fb0240] received
[2024-12-03 21:56:15,761: INFO/ForkPoolWorker-7] Task tasks.email_tasks.send_monthly_activity_reports[b742049d-5688-456e-864f-c1c875fb0240] succeeded in 0.03241357800015976s: 'Monthly activity reports sent to all users.'
[2024-12-03 21:56:20,728: INFO/MainProcess] Task tasks.email_tasks.send_monthly_activity_reports[e5c85ae6-1449-456f-8e07-416a2051b5f8] received
[2024-12-03 21:56:20,768: INFO/ForkPoolWorker-7] Task tasks.email_tasks.send_monthly_activity_reports[e5c85ae6-1449-456f-8e07-416a2051b5f8] succeeded in 0.03802688899986606s: 'Monthly activity reports sent to all users.'
[2024-12-03 21:56:25,728: INFO/MainProcess] Task tasks.email_tasks.send_monthly_activity_reports[4a317a68-0900-4d38-827a-9a5049470d90] received
[2024-12-03 21:56:25,773: INFO/ForkPoolWorker-7] Task tasks.email_tasks.send_monthly_activity_reports[4a317a68-0900-4d38-827a-9a5049470d90] succeeded in 0.042728997000267555s: 'Monthly activity reports sent to all users.'
[2024-12-03 21:56:30,728: INFO/MainProcess] Task tasks.email_tasks.send_monthly_activity_reports[83308aa8-7dc4-476a-a91f-464f13a30d05] received
[2024-12-03 21:56:30,776: INFO/ForkPoolWorker-7] Task tasks.email_tasks.send_monthly_activity_reports[83308aa8-7dc4-476a-a91f-464f13a30d05] succeeded in 0.045787502999701246s: 'Monthly activity reports sent to all users.'
[2024-12-03 21:56:35,729: INFO/MainProcess] Task tasks.email_tasks.send_monthly_activity_reports[a687f87b-343d-4b33-9b58-e688943743bc] received
[2024-12-03 21:56:35,773: INFO/ForkPoolWorker-7] Task tasks.email_tasks.send_monthly_activity_reports[a687f87b-343d-4b33-9b58-e688943743bc] succeeded in 0.04298861200004467s: 'Monthly activity reports sent to all users.'
[2024-12-03 21:56:40,728: INFO/MainProcess] Task tasks.email_tasks.send_monthly_activity_reports[5adad006-d06d-4e86-922d-c9b117d74067] received
[2024-12-03 21:56:40,781: INFO/ForkPoolWorker-7] Task tasks.email_tasks.send_monthly_activity_reports[5adad006-d06d-4e86-922d-c9b117d74067] succeeded in 0.05079350999994858s: 'Monthly activity reports sent to all users.'
[2024-12-03 21:56:45,728: INFO/MainProcess] Task tasks.email_tasks.send_monthly_activity_reports[16fac28b-7d65-464b-84ef-4198d324ec2e] received
[2024-12-03 21:56:45,768: INFO/ForkPoolWorker-7] Task tasks.email_tasks.send_monthly_activity_reports[16fac28b-7d65-464b-84ef-4198d324ec2e] succeeded in 0.03761463899991213s: 'Monthly activity reports sent to all users.'
[2024-12-03 21:56:50,728: INFO/MainProcess] Task tasks.email_tasks.send_monthly_activity_reports[9dabf443-815a-4374-85a0-09fcb35b6bee] received
[2024-12-03 21:56:50,767: INFO/ForkPoolWorker-7] Task tasks.email_tasks.send_monthly_activity_reports[9dabf443-815a-4374-85a0-09fcb35b6bee] succeeded in 0.03702297300014834s: 'Monthly activity reports sent to all users.'
[2024-12-03 21:56:55,728: INFO/MainProcess] Task tasks.email_tasks.send_monthly_activity_reports[bc8541f3-f30c-48eb-94ed-dc3f3646b589] received
[2024-12-03 21:56:55,767: INFO/ForkPoolWorker-7] Task tasks.email_tasks.send_monthly_activity_reports[bc8541f3-f30c-48eb-94ed-dc3f3646b589] succeeded in 0.03602433900005053s: 'Monthly activity reports sent to all users.'
[2024-12-03 21:57:00,728: INFO/MainProcess] Task tasks.email_tasks.send_monthly_activity_reports[95b7b80e-c34e-45e2-b9da-a22b53e3f41a] received
[2024-12-03 21:57:00,774: INFO/ForkPoolWorker-7] Task tasks.email_tasks.send_monthly_activity_reports[95b7b80e-c34e-45e2-b9da-a22b53e3f41a] succeeded in 0.04412250099994708s: 'Monthly activity reports sent to all users.'
[2024-12-03 21:57:05,728: INFO/MainProcess] Task tasks.email_tasks.send_monthly_activity_reports[eb9d36a7-6768-4da4-9b05-5c5f82802be1] received
[2024-12-03 21:57:05,776: INFO/ForkPoolWorker-7] Task tasks.email_tasks.send_monthly_activity_reports[eb9d36a7-6768-4da4-9b05-5c5f82802be1] succeeded in 0.044945677000214346s: 'Monthly activity reports sent to all users.'
[2024-12-03 21:57:10,728: INFO/MainProcess] Task tasks.email_tasks.send_monthly_activity_reports[ff3d6ff0-4f6a-4ed7-9d75-fa8747762ab5] received
[2024-12-03 21:57:10,765: INFO/ForkPoolWorker-7] Task tasks.email_tasks.send_monthly_activity_reports[ff3d6ff0-4f6a-4ed7-9d75-fa8747762ab5] succeeded in 0.03576577800004088s: 'Monthly activity reports sent to all users.'
[2024-12-03 21:57:11,789: INFO/MainProcess] Task tasks.email_tasks.notify_professionals_of_pending_requests[73a2fd8d-ef62-42c1-98ec-cf16944d4a70] received
[2024-12-03 21:57:11,836: INFO/ForkPoolWorker-7] Task tasks.email_tasks.notify_professionals_of_pending_requests[73a2fd8d-ef62-42c1-98ec-cf16944d4a70] succeeded in 0.04443333700010044s: 'Emails sent to professionals with pending requests.'
[2024-12-03 21:57:15,728: INFO/MainProcess] Task tasks.email_tasks.send_monthly_activity_reports[9bb72ebe-b8a7-4885-bae9-6f1eceebf3f2] received
[2024-12-03 21:57:15,773: INFO/ForkPoolWorker-7] Task tasks.email_tasks.send_monthly_activity_reports[9bb72ebe-b8a7-4885-bae9-6f1eceebf3f2] succeeded in 0.0426846119999027s: 'Monthly activity reports sent to all users.'
[2024-12-03 21:57:20,728: INFO/MainProcess] Task tasks.email_tasks.send_monthly_activity_reports[1e151c02-e360-49cf-b0da-5a4ad1d4a4cc] received
[2024-12-03 21:57:20,766: INFO/ForkPoolWorker-7] Task tasks.email_tasks.send_monthly_activity_reports[1e151c02-e360-49cf-b0da-5a4ad1d4a4cc] succeeded in 0.035570463000112795s: 'Monthly activity reports sent to all users.'
[2024-12-03 21:57:25,728: INFO/MainProcess] Task tasks.email_tasks.send_monthly_activity_reports[1796f428-1a09-42a5-81ca-bb6c73ef8647] received
[2024-12-03 21:57:25,778: INFO/ForkPoolWorker-7] Task tasks.email_tasks.send_monthly_activity_reports[1796f428-1a09-42a5-81ca-bb6c73ef8647] succeeded in 0.04823760299996138s: 'Monthly activity reports sent to all users.'
[2024-12-03 21:57:30,728: INFO/MainProcess] Task tasks.email_tasks.send_monthly_activity_reports[e6c86cb2-5276-4e5c-bce5-6d373cd21396] received
[2024-12-03 21:57:30,777: INFO/ForkPoolWorker-7] Task tasks.email_tasks.send_monthly_activity_reports[e6c86cb2-5276-4e5c-bce5-6d373cd21396] succeeded in 0.04585026299992023s: 'Monthly activity reports sent to all users.'
[2024-12-03 21:57:35,728: INFO/MainProcess] Task tasks.email_tasks.send_monthly_activity_reports[434d6dba-3de3-48fe-98cd-934d6febc337] received
[2024-12-03 21:57:35,763: INFO/ForkPoolWorker-7] Task tasks.email_tasks.send_monthly_activity_reports[434d6dba-3de3-48fe-98cd-934d6febc337] succeeded in 0.03309632899981807s: 'Monthly activity reports sent to all users.'
[2024-12-03 21:57:40,728: INFO/MainProcess] Task tasks.email_tasks.send_monthly_activity_reports[b78bd142-13ae-41de-bcf5-ef514ffdf78d] received
[2024-12-03 21:57:40,772: INFO/ForkPoolWorker-7] Task tasks.email_tasks.send_monthly_activity_reports[b78bd142-13ae-41de-bcf5-ef514ffdf78d] succeeded in 0.0412731530000201s: 'Monthly activity reports sent to all users.'
[2024-12-03 21:57:45,728: INFO/MainProcess] Task tasks.email_tasks.send_monthly_activity_reports[c4112523-59c8-4655-9351-69195a7e030a] received
[2024-12-03 21:57:45,765: INFO/ForkPoolWorker-7] Task tasks.email_tasks.send_monthly_activity_reports[c4112523-59c8-4655-9351-69195a7e030a] succeeded in 0.03535034500009715s: 'Monthly activity reports sent to all users.'
[2024-12-03 21:57:50,729: INFO/MainProcess] Task tasks.email_tasks.send_monthly_activity_reports[a74bfd0d-1fdf-4e82-a0cc-8dbed446660d] received
[2024-12-03 21:57:50,772: INFO/ForkPoolWorker-7] Task tasks.email_tasks.send_monthly_activity_reports[a74bfd0d-1fdf-4e82-a0cc-8dbed446660d] succeeded in 0.04240707700000712s: 'Monthly activity reports sent to all users.'
[2024-12-03 21:57:55,729: INFO/MainProcess] Task tasks.email_tasks.send_monthly_activity_reports[e943b34b-e188-4605-a4df-c41f2e5faeaf] received
[2024-12-03 21:57:55,779: INFO/ForkPoolWorker-7] Task tasks.email_tasks.send_monthly_activity_reports[e943b34b-e188-4605-a4df-c41f2e5faeaf] succeeded in 0.04788251999980275s: 'Monthly activity reports sent to all users.'
[2024-12-03 21:58:00,728: INFO/MainProcess] Task tasks.email_tasks.send_monthly_activity_reports[82eec1fd-e2d5-41a4-bd90-36f47bc9eb5d] received
[2024-12-03 21:58:00,767: INFO/ForkPoolWorker-7] Task tasks.email_tasks.send_monthly_activity_reports[82eec1fd-e2d5-41a4-bd90-36f47bc9eb5d] succeeded in 0.036405509999895s: 'Monthly activity reports sent to all users.'
[2024-12-03 21:58:05,729: INFO/MainProcess] Task tasks.email_tasks.send_monthly_activity_reports[0c201b5a-60f1-45d3-bba9-608c598ccdb3] received
[2024-12-03 21:58:05,773: INFO/ForkPoolWorker-7] Task tasks.email_tasks.send_monthly_activity_reports[0c201b5a-60f1-45d3-bba9-608c598ccdb3] succeeded in 0.042733729999781644s: 'Monthly activity reports sent to all users.'
[2024-12-03 21:58:10,729: INFO/MainProcess] Task tasks.email_tasks.send_monthly_activity_reports[ecf6aad7-dbab-434f-b8c0-60cb949ee9e8] received
[2024-12-03 21:58:10,781: INFO/ForkPoolWorker-7] Task tasks.email_tasks.send_monthly_activity_reports[ecf6aad7-dbab-434f-b8c0-60cb949ee9e8] succeeded in 0.050669996999658906s: 'Monthly activity reports sent to all users.'
[2024-12-03 21:58:15,729: INFO/MainProcess] Task tasks.email_tasks.send_monthly_activity_reports[d6bc6a3b-9cc9-4382-92b5-540a446a6b95] received
[2024-12-03 21:58:15,767: INFO/ForkPoolWorker-7] Task tasks.email_tasks.send_monthly_activity_reports[d6bc6a3b-9cc9-4382-92b5-540a446a6b95] succeeded in 0.03612980800016885s: 'Monthly activity reports sent to all users.'
[2024-12-03 21:58:20,729: INFO/MainProcess] Task tasks.email_tasks.send_monthly_activity_reports[93e56f4f-c814-482e-9fcc-cb1b79a111c7] received
[2024-12-03 21:58:20,774: INFO/ForkPoolWorker-7] Task tasks.email_tasks.send_monthly_activity_reports[93e56f4f-c814-482e-9fcc-cb1b79a111c7] succeeded in 0.044094200000017736s: 'Monthly activity reports sent to all users.'
[2024-12-03 21:58:25,729: INFO/MainProcess] Task tasks.email_tasks.send_monthly_activity_reports[e9aed9df-e2ad-490d-8a54-9ed351d668b6] received
[2024-12-03 21:58:25,764: INFO/ForkPoolWorker-7] Task tasks.email_tasks.send_monthly_activity_reports[e9aed9df-e2ad-490d-8a54-9ed351d668b6] succeeded in 0.03316740699983711s: 'Monthly activity reports sent to all users.'
[2024-12-03 21:58:30,729: INFO/MainProcess] Task tasks.email_tasks.send_monthly_activity_reports[19fcc7f6-94c3-4560-965c-df9a59871a8f] received
[2024-12-03 21:58:30,775: INFO/ForkPoolWorker-7] Task tasks.email_tasks.send_monthly_activity_reports[19fcc7f6-94c3-4560-965c-df9a59871a8f] succeeded in 0.04319667900017521s: 'Monthly activity reports sent to all users.'
[2024-12-03 21:58:35,728: INFO/MainProcess] Task tasks.email_tasks.send_monthly_activity_reports[7c7c6312-821f-498e-8781-6871d449ba4d] received
[2024-12-03 21:58:35,761: INFO/ForkPoolWorker-7] Task tasks.email_tasks.send_monthly_activity_reports[7c7c6312-821f-498e-8781-6871d449ba4d] succeeded in 0.03117290599993794s: 'Monthly activity reports sent to all users.'
[2024-12-03 21:58:40,729: INFO/MainProcess] Task tasks.email_tasks.send_monthly_activity_reports[be67789d-1ec0-4346-870b-bd26a865672d] received
[2024-12-03 21:58:40,776: INFO/ForkPoolWorker-7] Task tasks.email_tasks.send_monthly_activity_reports[be67789d-1ec0-4346-870b-bd26a865672d] succeeded in 0.04489774900002885s: 'Monthly activity reports sent to all users.'
[2024-12-03 21:58:45,731: INFO/MainProcess] Task tasks.email_tasks.send_monthly_activity_reports[a6921267-9619-4717-a7aa-0005a21db23c] received
[2024-12-03 21:58:45,773: INFO/ForkPoolWorker-7] Task tasks.email_tasks.send_monthly_activity_reports[a6921267-9619-4717-a7aa-0005a21db23c] succeeded in 0.04057265300025392s: 'Monthly activity reports sent to all users.'
[2024-12-03 21:58:50,729: INFO/MainProcess] Task tasks.email_tasks.send_monthly_activity_reports[6abd93b3-3776-4fe1-b6b8-39d8bc6e68ec] received
[2024-12-03 21:58:50,774: INFO/ForkPoolWorker-7] Task tasks.email_tasks.send_monthly_activity_reports[6abd93b3-3776-4fe1-b6b8-39d8bc6e68ec] succeeded in 0.04305362499962939s: 'Monthly activity reports sent to all users.'
[2024-12-03 21:58:55,729: INFO/MainProcess] Task tasks.email_tasks.send_monthly_activity_reports[c5c0e46f-5d7e-4d02-97c3-4076041a6ad6] received
[2024-12-03 21:58:55,764: INFO/ForkPoolWorker-7] Task tasks.email_tasks.send_monthly_activity_reports[c5c0e46f-5d7e-4d02-97c3-4076041a6ad6] succeeded in 0.03332896400024765s: 'Monthly activity reports sent to all users.'
[2024-12-03 21:59:00,729: INFO/MainProcess] Task tasks.email_tasks.send_monthly_activity_reports[3ffaf442-77be-45ad-8d02-cbeafeb2796b] received
[2024-12-03 21:59:00,772: INFO/ForkPoolWorker-7] Task tasks.email_tasks.send_monthly_activity_reports[3ffaf442-77be-45ad-8d02-cbeafeb2796b] succeeded in 0.041965728999912244s: 'Monthly activity reports sent to all users.'
[2024-12-03 21:59:05,729: INFO/MainProcess] Task tasks.email_tasks.send_monthly_activity_reports[21328165-bcb0-4062-96ce-a3556c84660b] received
[2024-12-03 21:59:05,771: INFO/ForkPoolWorker-7] Task tasks.email_tasks.send_monthly_activity_reports[21328165-bcb0-4062-96ce-a3556c84660b] succeeded in 0.03965346699988004s: 'Monthly activity reports sent to all users.'
[2024-12-03 21:59:10,729: INFO/MainProcess] Task tasks.email_tasks.send_monthly_activity_reports[d6bb1e08-bbbe-4242-bae0-5f457918c37e] received
[2024-12-03 21:59:10,768: INFO/ForkPoolWorker-7] Task tasks.email_tasks.send_monthly_activity_reports[d6bb1e08-bbbe-4242-bae0-5f457918c37e] succeeded in 0.03654225899981611s: 'Monthly activity reports sent to all users.'
[2024-12-03 21:59:15,729: INFO/MainProcess] Task tasks.email_tasks.send_monthly_activity_reports[8e279e7f-a223-4ae0-9d3c-b5207f0fbd02] received
[2024-12-03 21:59:15,771: INFO/ForkPoolWorker-7] Task tasks.email_tasks.send_monthly_activity_reports[8e279e7f-a223-4ae0-9d3c-b5207f0fbd02] succeeded in 0.03960574899974745s: 'Monthly activity reports sent to all users.'
[2024-12-03 21:59:20,729: INFO/MainProcess] Task tasks.email_tasks.send_monthly_activity_reports[55c7244c-3098-4a28-beea-343849f4255e] received
[2024-12-03 21:59:20,763: INFO/ForkPoolWorker-7] Task tasks.email_tasks.send_monthly_activity_reports[55c7244c-3098-4a28-beea-343849f4255e] succeeded in 0.0325620059998073s: 'Monthly activity reports sent to all users.'
[2024-12-03 21:59:25,729: INFO/MainProcess] Task tasks.email_tasks.send_monthly_activity_reports[24d2d9cb-f6d2-44ff-90ab-2a30194be758] received
[2024-12-03 21:59:25,772: INFO/ForkPoolWorker-7] Task tasks.email_tasks.send_monthly_activity_reports[24d2d9cb-f6d2-44ff-90ab-2a30194be758] succeeded in 0.040848342000117555s: 'Monthly activity reports sent to all users.'
[2024-12-03 21:59:30,729: INFO/MainProcess] Task tasks.email_tasks.send_monthly_activity_reports[7a4a672a-e4b1-48b6-8df6-60876ddc5cb9] received
[2024-12-03 21:59:30,770: INFO/ForkPoolWorker-7] Task tasks.email_tasks.send_monthly_activity_reports[7a4a672a-e4b1-48b6-8df6-60876ddc5cb9] succeeded in 0.03957606099993427s: 'Monthly activity reports sent to all users.'
[2024-12-03 21:59:35,728: INFO/MainProcess] Task tasks.email_tasks.send_monthly_activity_reports[beb5df52-fbfa-494e-ac9c-64d8cd0cb9ee] received
[2024-12-03 21:59:35,757: INFO/ForkPoolWorker-7] Task tasks.email_tasks.send_monthly_activity_reports[beb5df52-fbfa-494e-ac9c-64d8cd0cb9ee] succeeded in 0.027382604000194988s: 'Monthly activity reports sent to all users.'
[2024-12-03 21:59:40,729: INFO/MainProcess] Task tasks.email_tasks.send_monthly_activity_reports[b7764e27-cf86-4d0b-afb5-8c0cf8877a5b] received
[2024-12-03 21:59:40,769: INFO/ForkPoolWorker-7] Task tasks.email_tasks.send_monthly_activity_reports[b7764e27-cf86-4d0b-afb5-8c0cf8877a5b] succeeded in 0.03794781000033254s: 'Monthly activity reports sent to all users.'
[2024-12-03 21:59:41,787: INFO/MainProcess] Task tasks.email_tasks.notify_professionals_of_pending_requests[7bd844f2-2f16-4ccf-869f-8550db02895a] received
[2024-12-03 21:59:41,809: INFO/ForkPoolWorker-7] Task tasks.email_tasks.notify_professionals_of_pending_requests[7bd844f2-2f16-4ccf-869f-8550db02895a] succeeded in 0.018524843000250257s: 'Emails sent to professionals with pending requests.'
[2024-12-03 21:59:45,730: INFO/MainProcess] Task tasks.email_tasks.send_monthly_activity_reports[28db6ae8-1b39-4a2c-87b1-63baf713b440] received
[2024-12-03 21:59:45,764: INFO/ForkPoolWorker-7] Task tasks.email_tasks.send_monthly_activity_reports[28db6ae8-1b39-4a2c-87b1-63baf713b440] succeeded in 0.03302137499986202s: 'Monthly activity reports sent to all users.'
[2024-12-03 21:59:50,728: INFO/MainProcess] Task tasks.email_tasks.send_monthly_activity_reports[3c5e2798-9581-4963-80cf-b40bcccefc09] received
[2024-12-03 21:59:50,768: INFO/ForkPoolWorker-7] Task tasks.email_tasks.send_monthly_activity_reports[3c5e2798-9581-4963-80cf-b40bcccefc09] succeeded in 0.038253687000178616s: 'Monthly activity reports sent to all users.'
[2024-12-03 21:59:55,729: INFO/MainProcess] Task tasks.email_tasks.send_monthly_activity_reports[e3c67ff0-c571-46bd-9397-f0e8916e32da] received
[2024-12-03 21:59:55,766: INFO/ForkPoolWorker-7] Task tasks.email_tasks.send_monthly_activity_reports[e3c67ff0-c571-46bd-9397-f0e8916e32da] succeeded in 0.03569603500000085s: 'Monthly activity reports sent to all users.'
[2024-12-03 22:00:00,729: INFO/MainProcess] Task tasks.email_tasks.send_monthly_activity_reports[801589ba-7adc-4b9c-b0ec-763670892ef8] received
[2024-12-03 22:00:00,770: INFO/ForkPoolWorker-7] Task tasks.email_tasks.send_monthly_activity_reports[801589ba-7adc-4b9c-b0ec-763670892ef8] succeeded in 0.038051943999562354s: 'Monthly activity reports sent to all users.'
[2024-12-03 22:00:05,729: INFO/MainProcess] Task tasks.email_tasks.send_monthly_activity_reports[2767dc38-2c7e-46e2-a9b9-0e998733f358] received
[2024-12-03 22:00:05,769: INFO/ForkPoolWorker-7] Task tasks.email_tasks.send_monthly_activity_reports[2767dc38-2c7e-46e2-a9b9-0e998733f358] succeeded in 0.038401629999953s: 'Monthly activity reports sent to all users.'
[2024-12-03 22:00:10,729: INFO/MainProcess] Task tasks.email_tasks.send_monthly_activity_reports[75c5186b-a218-4a58-83c7-06f665ca3611] received
[2024-12-03 22:00:10,763: INFO/ForkPoolWorker-7] Task tasks.email_tasks.send_monthly_activity_reports[75c5186b-a218-4a58-83c7-06f665ca3611] succeeded in 0.03315176799969777s: 'Monthly activity reports sent to all users.'
[2024-12-03 22:00:15,729: INFO/MainProcess] Task tasks.email_tasks.send_monthly_activity_reports[a5c19e0f-65c0-4f01-9601-692e6d652c0b] received
[2024-12-03 22:00:15,803: INFO/ForkPoolWorker-7] Task tasks.email_tasks.send_monthly_activity_reports[a5c19e0f-65c0-4f01-9601-692e6d652c0b] succeeded in 0.07156649099988499s: 'Monthly activity reports sent to all users.'
[2024-12-03 22:00:20,729: INFO/MainProcess] Task tasks.email_tasks.send_monthly_activity_reports[5be80f62-b044-4e5c-9861-802a72e6f4f3] received
[2024-12-03 22:00:20,775: INFO/ForkPoolWorker-7] Task tasks.email_tasks.send_monthly_activity_reports[5be80f62-b044-4e5c-9861-802a72e6f4f3] succeeded in 0.04343960000005609s: 'Monthly activity reports sent to all users.'
[2024-12-03 22:00:25,729: INFO/MainProcess] Task tasks.email_tasks.send_monthly_activity_reports[34b2a6dd-cfaa-484c-8ab1-2388394be4d9] received
[2024-12-03 22:00:25,780: INFO/ForkPoolWorker-7] Task tasks.email_tasks.send_monthly_activity_reports[34b2a6dd-cfaa-484c-8ab1-2388394be4d9] succeeded in 0.04794964399980017s: 'Monthly activity reports sent to all users.'
[2024-12-03 22:00:30,729: INFO/MainProcess] Task tasks.email_tasks.send_monthly_activity_reports[997d457e-342e-4539-83ad-0e9da96810eb] received
[2024-12-03 22:00:30,788: INFO/ForkPoolWorker-7] Task tasks.email_tasks.send_monthly_activity_reports[997d457e-342e-4539-83ad-0e9da96810eb] succeeded in 0.05690547799986234s: 'Monthly activity reports sent to all users.'
[2024-12-03 22:00:35,729: INFO/MainProcess] Task tasks.email_tasks.send_monthly_activity_reports[4a5673cc-1d0a-4763-9d82-6c340ce6f7d2] received
[2024-12-03 22:00:35,767: INFO/ForkPoolWorker-7] Task tasks.email_tasks.send_monthly_activity_reports[4a5673cc-1d0a-4763-9d82-6c340ce6f7d2] succeeded in 0.03583035400015433s: 'Monthly activity reports sent to all users.'
[2024-12-03 22:00:40,729: INFO/MainProcess] Task tasks.email_tasks.send_monthly_activity_reports[d4ae6734-01af-4329-91f5-aa3dea01bf1d] received
[2024-12-03 22:00:40,774: INFO/ForkPoolWorker-7] Task tasks.email_tasks.send_monthly_activity_reports[d4ae6734-01af-4329-91f5-aa3dea01bf1d] succeeded in 0.044546250000166765s: 'Monthly activity reports sent to all users.'
[2024-12-03 22:00:45,729: INFO/MainProcess] Task tasks.email_tasks.send_monthly_activity_reports[00696f0b-ea7e-4dfd-a42e-e70a81de92d6] received
[2024-12-03 22:00:45,772: INFO/ForkPoolWorker-7] Task tasks.email_tasks.send_monthly_activity_reports[00696f0b-ea7e-4dfd-a42e-e70a81de92d6] succeeded in 0.04090187400015566s: 'Monthly activity reports sent to all users.'
[2024-12-03 22:00:50,730: INFO/MainProcess] Task tasks.email_tasks.send_monthly_activity_reports[41374e91-172a-4b85-aa07-3140ed52eb45] received
[2024-12-03 22:00:50,773: INFO/ForkPoolWorker-7] Task tasks.email_tasks.send_monthly_activity_reports[41374e91-172a-4b85-aa07-3140ed52eb45] succeeded in 0.04105816900028003s: 'Monthly activity reports sent to all users.'
[2024-12-03 22:00:55,729: INFO/MainProcess] Task tasks.email_tasks.send_monthly_activity_reports[5a9e0be0-6fb2-4896-bc7c-8acc9ccc7ec6] received
[2024-12-03 22:00:55,773: INFO/ForkPoolWorker-7] Task tasks.email_tasks.send_monthly_activity_reports[5a9e0be0-6fb2-4896-bc7c-8acc9ccc7ec6] succeeded in 0.040972852000322746s: 'Monthly activity reports sent to all users.'
[2024-12-03 22:01:00,729: INFO/MainProcess] Task tasks.email_tasks.send_monthly_activity_reports[2b634210-51a8-4bbc-ae50-6b4b49bc5297] received
[2024-12-03 22:01:00,776: INFO/ForkPoolWorker-7] Task tasks.email_tasks.send_monthly_activity_reports[2b634210-51a8-4bbc-ae50-6b4b49bc5297] succeeded in 0.04474122999999963s: 'Monthly activity reports sent to all users.'
[2024-12-03 22:01:05,729: INFO/MainProcess] Task tasks.email_tasks.send_monthly_activity_reports[58b30e7c-d4aa-42b4-8891-de256ed06740] received
[2024-12-03 22:01:05,773: INFO/ForkPoolWorker-7] Task tasks.email_tasks.send_monthly_activity_reports[58b30e7c-d4aa-42b4-8891-de256ed06740] succeeded in 0.04179148000002897s: 'Monthly activity reports sent to all users.'
[2024-12-03 22:01:10,729: INFO/MainProcess] Task tasks.email_tasks.send_monthly_activity_reports[717b3db8-6164-4e1d-a7c6-674514c4626d] received
[2024-12-03 22:01:10,773: INFO/ForkPoolWorker-7] Task tasks.email_tasks.send_monthly_activity_reports[717b3db8-6164-4e1d-a7c6-674514c4626d] succeeded in 0.04125659400006043s: 'Monthly activity reports sent to all users.'
[2024-12-03 22:01:15,729: INFO/MainProcess] Task tasks.email_tasks.send_monthly_activity_reports[6b0b3b43-cb33-459c-9024-807c241a737a] received
[2024-12-03 22:01:15,771: INFO/ForkPoolWorker-7] Task tasks.email_tasks.send_monthly_activity_reports[6b0b3b43-cb33-459c-9024-807c241a737a] succeeded in 0.040470035999987886s: 'Monthly activity reports sent to all users.'
[2024-12-03 22:01:20,729: INFO/MainProcess] Task tasks.email_tasks.send_monthly_activity_reports[6e03b8bb-5ebc-455a-9cd7-f16e575af590] received
[2024-12-03 22:01:20,772: INFO/ForkPoolWorker-7] Task tasks.email_tasks.send_monthly_activity_reports[6e03b8bb-5ebc-455a-9cd7-f16e575af590] succeeded in 0.040472707000390074s: 'Monthly activity reports sent to all users.'
[2024-12-03 22:01:25,738: INFO/MainProcess] Task tasks.email_tasks.send_monthly_activity_reports[051f249c-52a3-48d9-bb25-0dbe6da03131] received
[2024-12-03 22:01:25,772: INFO/ForkPoolWorker-7] Task tasks.email_tasks.send_monthly_activity_reports[051f249c-52a3-48d9-bb25-0dbe6da03131] succeeded in 0.03239491199974509s: 'Monthly activity reports sent to all users.'
[2024-12-03 22:01:30,738: INFO/MainProcess] Task tasks.email_tasks.send_monthly_activity_reports[b3e225e5-6abc-46b9-b653-08ce795f9f8e] received
[2024-12-03 22:01:30,777: INFO/ForkPoolWorker-7] Task tasks.email_tasks.send_monthly_activity_reports[b3e225e5-6abc-46b9-b653-08ce795f9f8e] succeeded in 0.036624727999878814s: 'Monthly activity reports sent to all users.'
[2024-12-03 22:01:35,738: INFO/MainProcess] Task tasks.email_tasks.send_monthly_activity_reports[a9c23707-99fe-4207-8cff-8692324ccf34] received
[2024-12-03 22:01:35,775: INFO/ForkPoolWorker-7] Task tasks.email_tasks.send_monthly_activity_reports[a9c23707-99fe-4207-8cff-8692324ccf34] succeeded in 0.036142263999863644s: 'Monthly activity reports sent to all users.'
[2024-12-03 22:01:40,738: INFO/MainProcess] Task tasks.email_tasks.send_monthly_activity_reports[d55552e8-921a-4f63-803c-96ff6fb2247a] received
[2024-12-03 22:01:40,776: INFO/ForkPoolWorker-7] Task tasks.email_tasks.send_monthly_activity_reports[d55552e8-921a-4f63-803c-96ff6fb2247a] succeeded in 0.03687879699964469s: 'Monthly activity reports sent to all users.'
[2024-12-03 22:01:45,738: INFO/MainProcess] Task tasks.email_tasks.send_monthly_activity_reports[b2395fcb-0ec3-4750-9c68-78fd1bee4edd] received
[2024-12-03 22:01:45,776: INFO/ForkPoolWorker-7] Task tasks.email_tasks.send_monthly_activity_reports[b2395fcb-0ec3-4750-9c68-78fd1bee4edd] succeeded in 0.03625535300034244s: 'Monthly activity reports sent to all users.'
[2024-12-03 22:01:50,738: INFO/MainProcess] Task tasks.email_tasks.send_monthly_activity_reports[af095a7e-86d1-41fe-b0cb-2a85cd96b327] received
[2024-12-03 22:01:50,815: INFO/ForkPoolWorker-7] Task tasks.email_tasks.send_monthly_activity_reports[af095a7e-86d1-41fe-b0cb-2a85cd96b327] succeeded in 0.07463624499996513s: 'Monthly activity reports sent to all users.'
[2024-12-03 22:01:55,738: INFO/MainProcess] Task tasks.email_tasks.send_monthly_activity_reports[98e1fc8a-5d66-46ec-bdb5-88bc50b85095] received
[2024-12-03 22:01:55,770: INFO/ForkPoolWorker-7] Task tasks.email_tasks.send_monthly_activity_reports[98e1fc8a-5d66-46ec-bdb5-88bc50b85095] succeeded in 0.0312801780000882s: 'Monthly activity reports sent to all users.'
[2024-12-03 22:02:00,738: INFO/MainProcess] Task tasks.email_tasks.send_monthly_activity_reports[0d7d3ef6-ec8a-4900-93b2-6bf1a6db8e8c] received
[2024-12-03 22:02:00,969: INFO/ForkPoolWorker-7] Task tasks.email_tasks.send_monthly_activity_reports[0d7d3ef6-ec8a-4900-93b2-6bf1a6db8e8c] succeeded in 0.2238608689999637s: 'Monthly activity reports sent to all users.'
[2024-12-03 22:02:05,738: INFO/MainProcess] Task tasks.email_tasks.send_monthly_activity_reports[31dc258e-ae5f-4161-af93-f17acd2ad392] received
[2024-12-03 22:02:05,773: INFO/ForkPoolWorker-7] Task tasks.email_tasks.send_monthly_activity_reports[31dc258e-ae5f-4161-af93-f17acd2ad392] succeeded in 0.033668427000066004s: 'Monthly activity reports sent to all users.'
[2024-12-03 22:02:10,738: INFO/MainProcess] Task tasks.email_tasks.send_monthly_activity_reports[72e710c7-2424-4717-8c75-b330e663361c] received
[2024-12-03 22:02:10,785: INFO/ForkPoolWorker-7] Task tasks.email_tasks.send_monthly_activity_reports[72e710c7-2424-4717-8c75-b330e663361c] succeeded in 0.044891699999880075s: 'Monthly activity reports sent to all users.'
[2024-12-03 22:02:11,788: INFO/MainProcess] Task tasks.email_tasks.notify_professionals_of_pending_requests[1a787665-b13e-4bc7-9635-e8cd73d39bc0] received
[2024-12-03 22:02:11,843: INFO/ForkPoolWorker-7] Task tasks.email_tasks.notify_professionals_of_pending_requests[1a787665-b13e-4bc7-9635-e8cd73d39bc0] succeeded in 0.05041533299981893s: 'Emails sent to professionals with pending requests.'
[2024-12-03 22:02:15,738: INFO/MainProcess] Task tasks.email_tasks.send_monthly_activity_reports[e1717a05-f5cb-44f9-b96d-5d698a0ed2ed] received
[2024-12-03 22:02:15,784: INFO/ForkPoolWorker-7] Task tasks.email_tasks.send_monthly_activity_reports[e1717a05-f5cb-44f9-b96d-5d698a0ed2ed] succeeded in 0.04378678300008687s: 'Monthly activity reports sent to all users.'
[2024-12-03 22:02:20,738: INFO/MainProcess] Task tasks.email_tasks.send_monthly_activity_reports[cf2c6a2c-f949-42e4-9786-a58a42840fa8] received
[2024-12-03 22:02:20,782: INFO/ForkPoolWorker-7] Task tasks.email_tasks.send_monthly_activity_reports[cf2c6a2c-f949-42e4-9786-a58a42840fa8] succeeded in 0.04121757199982312s: 'Monthly activity reports sent to all users.'
[2024-12-03 22:02:25,738: INFO/MainProcess] Task tasks.email_tasks.send_monthly_activity_reports[a45cf476-266d-4ae0-9029-cc9d66ac033c] received
[2024-12-03 22:02:25,975: INFO/ForkPoolWorker-7] Task tasks.email_tasks.send_monthly_activity_reports[a45cf476-266d-4ae0-9029-cc9d66ac033c] succeeded in 0.23426970400032587s: 'Monthly activity reports sent to all users.'
[2024-12-03 22:02:30,738: INFO/MainProcess] Task tasks.email_tasks.send_monthly_activity_reports[aac05dbe-4c06-4916-9637-0c8d4db996c5] received
[2024-12-03 22:02:30,778: INFO/ForkPoolWorker-7] Task tasks.email_tasks.send_monthly_activity_reports[aac05dbe-4c06-4916-9637-0c8d4db996c5] succeeded in 0.038139535000027536s: 'Monthly activity reports sent to all users.'
[2024-12-03 22:02:35,738: INFO/MainProcess] Task tasks.email_tasks.send_monthly_activity_reports[c450a838-39ba-478d-b427-ae2369abbc4a] received
[2024-12-03 22:02:35,782: INFO/ForkPoolWorker-7] Task tasks.email_tasks.send_monthly_activity_reports[c450a838-39ba-478d-b427-ae2369abbc4a] succeeded in 0.0411375720000251s: 'Monthly activity reports sent to all users.'
[2024-12-03 22:02:40,742: INFO/MainProcess] Task tasks.email_tasks.send_monthly_activity_reports[2899cd8b-26b8-4117-a57e-80f294869136] received
[2024-12-03 22:02:40,785: INFO/ForkPoolWorker-7] Task tasks.email_tasks.send_monthly_activity_reports[2899cd8b-26b8-4117-a57e-80f294869136] succeeded in 0.041244356999868614s: 'Monthly activity reports sent to all users.'
[2024-12-03 22:02:45,738: INFO/MainProcess] Task tasks.email_tasks.send_monthly_activity_reports[9bba2701-6ea1-44e5-97e5-1cd72310324c] received
[2024-12-03 22:02:45,784: INFO/ForkPoolWorker-7] Task tasks.email_tasks.send_monthly_activity_reports[9bba2701-6ea1-44e5-97e5-1cd72310324c] succeeded in 0.0435207589998754s: 'Monthly activity reports sent to all users.'
[2024-12-03 22:02:50,738: INFO/MainProcess] Task tasks.email_tasks.send_monthly_activity_reports[595a654d-6158-41f7-96ab-18b55a45fb8a] received
[2024-12-03 22:02:50,781: INFO/ForkPoolWorker-7] Task tasks.email_tasks.send_monthly_activity_reports[595a654d-6158-41f7-96ab-18b55a45fb8a] succeeded in 0.04109746799986169s: 'Monthly activity reports sent to all users.'
[2024-12-03 22:02:55,738: INFO/MainProcess] Task tasks.email_tasks.send_monthly_activity_reports[9abb3b5a-d113-49f2-a737-ed0ba49a86d4] received
[2024-12-03 22:02:55,775: INFO/ForkPoolWorker-7] Task tasks.email_tasks.send_monthly_activity_reports[9abb3b5a-d113-49f2-a737-ed0ba49a86d4] succeeded in 0.03582608099986828s: 'Monthly activity reports sent to all users.'
[2024-12-03 22:03:00,738: INFO/MainProcess] Task tasks.email_tasks.send_monthly_activity_reports[a685b8b1-855a-4a75-a462-743808d30703] received
[2024-12-03 22:03:00,775: INFO/ForkPoolWorker-7] Task tasks.email_tasks.send_monthly_activity_reports[a685b8b1-855a-4a75-a462-743808d30703] succeeded in 0.035673746000156825s: 'Monthly activity reports sent to all users.'
[2024-12-03 22:03:05,739: INFO/MainProcess] Task tasks.email_tasks.send_monthly_activity_reports[60114295-8a3b-471a-b39b-99b33324799b] received
[2024-12-03 22:03:05,778: INFO/ForkPoolWorker-7] Task tasks.email_tasks.send_monthly_activity_reports[60114295-8a3b-471a-b39b-99b33324799b] succeeded in 0.03687121099983415s: 'Monthly activity reports sent to all users.'
[2024-12-03 22:03:10,739: INFO/MainProcess] Task tasks.email_tasks.send_monthly_activity_reports[9571f152-675c-4c0c-a843-01fb12372587] received
[2024-12-03 22:03:10,776: INFO/ForkPoolWorker-7] Task tasks.email_tasks.send_monthly_activity_reports[9571f152-675c-4c0c-a843-01fb12372587] succeeded in 0.03520130799961407s: 'Monthly activity reports sent to all users.'
[2024-12-03 22:03:15,738: INFO/MainProcess] Task tasks.email_tasks.send_monthly_activity_reports[bcf4b2dd-38d0-42bb-92be-24344da84f50] received
[2024-12-03 22:03:15,807: INFO/ForkPoolWorker-7] Task tasks.email_tasks.send_monthly_activity_reports[bcf4b2dd-38d0-42bb-92be-24344da84f50] succeeded in 0.06598550500029887s: 'Monthly activity reports sent to all users.'
[2024-12-03 22:03:20,739: INFO/MainProcess] Task tasks.email_tasks.send_monthly_activity_reports[04b4675e-970a-4af3-a2ab-ea232f892346] received
[2024-12-03 22:03:20,791: INFO/ForkPoolWorker-7] Task tasks.email_tasks.send_monthly_activity_reports[04b4675e-970a-4af3-a2ab-ea232f892346] succeeded in 0.04953321599987248s: 'Monthly activity reports sent to all users.'
[2024-12-03 22:03:25,738: INFO/MainProcess] Task tasks.email_tasks.send_monthly_activity_reports[ba416456-10db-4b63-93b6-fa7e94245869] received
[2024-12-03 22:03:25,781: INFO/ForkPoolWorker-7] Task tasks.email_tasks.send_monthly_activity_reports[ba416456-10db-4b63-93b6-fa7e94245869] succeeded in 0.04097246899982565s: 'Monthly activity reports sent to all users.'
[2024-12-03 22:03:30,739: INFO/MainProcess] Task tasks.email_tasks.send_monthly_activity_reports[9ace6903-f4b9-49be-8fc1-018f0a388513] received
[2024-12-03 22:03:30,782: INFO/ForkPoolWorker-7] Task tasks.email_tasks.send_monthly_activity_reports[9ace6903-f4b9-49be-8fc1-018f0a388513] succeeded in 0.041033134999906906s: 'Monthly activity reports sent to all users.'
[2024-12-03 22:03:35,738: INFO/MainProcess] Task tasks.email_tasks.send_monthly_activity_reports[a2c19d23-b950-4090-844b-4aa1913f5ab7] received
[2024-12-03 22:03:35,773: INFO/ForkPoolWorker-7] Task tasks.email_tasks.send_monthly_activity_reports[a2c19d23-b950-4090-844b-4aa1913f5ab7] succeeded in 0.033871109999836335s: 'Monthly activity reports sent to all users.'
[2024-12-03 22:03:40,739: INFO/MainProcess] Task tasks.email_tasks.send_monthly_activity_reports[a89950b4-43ce-447e-9787-f29f5acb15a5] received
[2024-12-03 22:03:40,778: INFO/ForkPoolWorker-7] Task tasks.email_tasks.send_monthly_activity_reports[a89950b4-43ce-447e-9787-f29f5acb15a5] succeeded in 0.03671442200038655s: 'Monthly activity reports sent to all users.'
[2024-12-03 22:03:45,739: INFO/MainProcess] Task tasks.email_tasks.send_monthly_activity_reports[536e8ca6-64cb-4b64-8aae-807eae1822ab] received
[2024-12-03 22:03:45,782: INFO/ForkPoolWorker-7] Task tasks.email_tasks.send_monthly_activity_reports[536e8ca6-64cb-4b64-8aae-807eae1822ab] succeeded in 0.04178541999999652s: 'Monthly activity reports sent to all users.'
[2024-12-03 22:03:50,740: INFO/MainProcess] Task tasks.email_tasks.send_monthly_activity_reports[9baae9ad-a6c3-40d8-8e85-daad56144801] received
[2024-12-03 22:03:50,799: INFO/ForkPoolWorker-7] Task tasks.email_tasks.send_monthly_activity_reports[9baae9ad-a6c3-40d8-8e85-daad56144801] succeeded in 0.05635938099976556s: 'Monthly activity reports sent to all users.'
[2024-12-03 22:03:55,739: INFO/MainProcess] Task tasks.email_tasks.send_monthly_activity_reports[c78727f8-5584-4f3b-a56d-663421517acb] received
[2024-12-03 22:03:55,787: INFO/ForkPoolWorker-7] Task tasks.email_tasks.send_monthly_activity_reports[c78727f8-5584-4f3b-a56d-663421517acb] succeeded in 0.045510568999816314s: 'Monthly activity reports sent to all users.'
[2024-12-03 22:04:00,739: INFO/MainProcess] Task tasks.email_tasks.send_monthly_activity_reports[88f33360-dd28-44c1-8ff7-9c96a3f2fa98] received
[2024-12-03 22:04:00,780: INFO/ForkPoolWorker-7] Task tasks.email_tasks.send_monthly_activity_reports[88f33360-dd28-44c1-8ff7-9c96a3f2fa98] succeeded in 0.03850541500014515s: 'Monthly activity reports sent to all users.'
[2024-12-03 22:04:05,739: INFO/MainProcess] Task tasks.email_tasks.send_monthly_activity_reports[53f27e48-98f0-4694-a8ae-7d95c8423ec1] received
[2024-12-03 22:04:05,773: INFO/ForkPoolWorker-7] Task tasks.email_tasks.send_monthly_activity_reports[53f27e48-98f0-4694-a8ae-7d95c8423ec1] succeeded in 0.03282267500026137s: 'Monthly activity reports sent to all users.'
[2024-12-03 22:04:10,739: INFO/MainProcess] Task tasks.email_tasks.send_monthly_activity_reports[c40778e7-3ad7-4a13-b537-8321ec65b02d] received
[2024-12-03 22:04:10,778: INFO/ForkPoolWorker-7] Task tasks.email_tasks.send_monthly_activity_reports[c40778e7-3ad7-4a13-b537-8321ec65b02d] succeeded in 0.036757073999979184s: 'Monthly activity reports sent to all users.'
[2024-12-03 22:04:15,739: INFO/MainProcess] Task tasks.email_tasks.send_monthly_activity_reports[6eb99508-252d-4315-a32e-f33eb88a9721] received
[2024-12-03 22:04:15,778: INFO/ForkPoolWorker-7] Task tasks.email_tasks.send_monthly_activity_reports[6eb99508-252d-4315-a32e-f33eb88a9721] succeeded in 0.036853744000381994s: 'Monthly activity reports sent to all users.'
[2024-12-03 22:04:20,739: INFO/MainProcess] Task tasks.email_tasks.send_monthly_activity_reports[435cd864-ad21-4cbc-bc41-dccb3128f505] received
[2024-12-03 22:04:20,779: INFO/ForkPoolWorker-7] Task tasks.email_tasks.send_monthly_activity_reports[435cd864-ad21-4cbc-bc41-dccb3128f505] succeeded in 0.03798859000016819s: 'Monthly activity reports sent to all users.'
[2024-12-03 22:04:25,739: INFO/MainProcess] Task tasks.email_tasks.send_monthly_activity_reports[c4820d8b-98e2-4f62-9cef-1a1d0f52c77a] received
[2024-12-03 22:04:25,783: INFO/ForkPoolWorker-7] Task tasks.email_tasks.send_monthly_activity_reports[c4820d8b-98e2-4f62-9cef-1a1d0f52c77a] succeeded in 0.04201359499984392s: 'Monthly activity reports sent to all users.'
[2024-12-03 22:04:30,740: INFO/MainProcess] Task tasks.email_tasks.send_monthly_activity_reports[3014fd9b-d4b9-484c-a648-bec7881f07e9] received
[2024-12-03 22:04:30,795: INFO/ForkPoolWorker-7] Task tasks.email_tasks.send_monthly_activity_reports[3014fd9b-d4b9-484c-a648-bec7881f07e9] succeeded in 0.05268961900037539s: 'Monthly activity reports sent to all users.'
[2024-12-03 22:04:35,739: INFO/MainProcess] Task tasks.email_tasks.send_monthly_activity_reports[8f0baa1b-7d18-48ad-beff-178914f32173] received
[2024-12-03 22:04:35,782: INFO/ForkPoolWorker-7] Task tasks.email_tasks.send_monthly_activity_reports[8f0baa1b-7d18-48ad-beff-178914f32173] succeeded in 0.04127319600002011s: 'Monthly activity reports sent to all users.'
[2024-12-03 22:04:40,739: INFO/MainProcess] Task tasks.email_tasks.send_monthly_activity_reports[c9fcf2cc-40a4-4c00-a69f-94748eb0f12b] received
[2024-12-03 22:04:40,783: INFO/ForkPoolWorker-7] Task tasks.email_tasks.send_monthly_activity_reports[c9fcf2cc-40a4-4c00-a69f-94748eb0f12b] succeeded in 0.04203459300015311s: 'Monthly activity reports sent to all users.'
[2024-12-03 22:04:41,789: INFO/MainProcess] Task tasks.email_tasks.notify_professionals_of_pending_requests[15f23ad2-746e-4747-ba38-9d1d22f83986] received
[2024-12-03 22:04:41,824: INFO/ForkPoolWorker-7] Task tasks.email_tasks.notify_professionals_of_pending_requests[15f23ad2-746e-4747-ba38-9d1d22f83986] succeeded in 0.03148280100003831s: 'Emails sent to professionals with pending requests.'
[2024-12-03 22:04:45,739: INFO/MainProcess] Task tasks.email_tasks.send_monthly_activity_reports[d08a1bb3-3eb0-45cb-86eb-ab60db8e7f03] received
[2024-12-03 22:04:45,779: INFO/ForkPoolWorker-7] Task tasks.email_tasks.send_monthly_activity_reports[d08a1bb3-3eb0-45cb-86eb-ab60db8e7f03] succeeded in 0.037177443000018684s: 'Monthly activity reports sent to all users.'
[2024-12-03 22:04:50,739: INFO/MainProcess] Task tasks.email_tasks.send_monthly_activity_reports[a5bd42a3-549b-4c96-9ccf-9f67b831cb50] received
[2024-12-03 22:04:50,780: INFO/ForkPoolWorker-7] Task tasks.email_tasks.send_monthly_activity_reports[a5bd42a3-549b-4c96-9ccf-9f67b831cb50] succeeded in 0.03810901599990757s: 'Monthly activity reports sent to all users.'
[2024-12-03 22:04:55,739: INFO/MainProcess] Task tasks.email_tasks.send_monthly_activity_reports[a43f5bb1-beda-4256-9188-815a6299ba0d] received
[2024-12-03 22:04:55,787: INFO/ForkPoolWorker-7] Task tasks.email_tasks.send_monthly_activity_reports[a43f5bb1-beda-4256-9188-815a6299ba0d] succeeded in 0.045610409999881085s: 'Monthly activity reports sent to all users.'
[2024-12-03 22:05:00,739: INFO/MainProcess] Task tasks.email_tasks.send_monthly_activity_reports[19a1cf1b-cb93-48d9-900e-90c894f709ff] received
[2024-12-03 22:05:00,777: INFO/ForkPoolWorker-7] Task tasks.email_tasks.send_monthly_activity_reports[19a1cf1b-cb93-48d9-900e-90c894f709ff] succeeded in 0.0359143050000057s: 'Monthly activity reports sent to all users.'
[2024-12-03 22:05:05,739: INFO/MainProcess] Task tasks.email_tasks.send_monthly_activity_reports[bb0c5064-3380-4cca-9033-8ce61ff5f653] received
[2024-12-03 22:05:05,784: INFO/ForkPoolWorker-7] Task tasks.email_tasks.send_monthly_activity_reports[bb0c5064-3380-4cca-9033-8ce61ff5f653] succeeded in 0.04335398400007762s: 'Monthly activity reports sent to all users.'
[2024-12-03 22:05:10,739: INFO/MainProcess] Task tasks.email_tasks.send_monthly_activity_reports[e935eb12-298f-41a9-b469-2c84ce555c93] received
[2024-12-03 22:05:10,775: INFO/ForkPoolWorker-7] Task tasks.email_tasks.send_monthly_activity_reports[e935eb12-298f-41a9-b469-2c84ce555c93] succeeded in 0.03514445300015723s: 'Monthly activity reports sent to all users.'
[2024-12-03 22:05:15,739: INFO/MainProcess] Task tasks.email_tasks.send_monthly_activity_reports[4a420307-f4c7-4511-939b-1a0106c9c4e6] received
[2024-12-03 22:05:15,770: INFO/ForkPoolWorker-7] Task tasks.email_tasks.send_monthly_activity_reports[4a420307-f4c7-4511-939b-1a0106c9c4e6] succeeded in 0.029813885999828926s: 'Monthly activity reports sent to all users.'
[2024-12-03 22:05:20,741: INFO/MainProcess] Task tasks.email_tasks.send_monthly_activity_reports[9f90d0eb-4489-42bb-b7f6-34bf055efff1] received
[2024-12-03 22:05:20,809: INFO/ForkPoolWorker-7] Task tasks.email_tasks.send_monthly_activity_reports[9f90d0eb-4489-42bb-b7f6-34bf055efff1] succeeded in 0.06608830000004673s: 'Monthly activity reports sent to all users.'
[2024-12-03 22:05:25,740: INFO/MainProcess] Task tasks.email_tasks.send_monthly_activity_reports[972cf842-5d0e-44bf-9c53-9a897e1a985b] received
[2024-12-03 22:05:25,808: INFO/ForkPoolWorker-7] Task tasks.email_tasks.send_monthly_activity_reports[972cf842-5d0e-44bf-9c53-9a897e1a985b] succeeded in 0.0655562470001314s: 'Monthly activity reports sent to all users.'
[2024-12-03 22:05:30,741: INFO/MainProcess] Task tasks.email_tasks.send_monthly_activity_reports[24c340fa-9aec-4839-bff9-332c9757fa86] received
[2024-12-03 22:05:30,827: INFO/ForkPoolWorker-7] Task tasks.email_tasks.send_monthly_activity_reports[24c340fa-9aec-4839-bff9-332c9757fa86] succeeded in 0.08418914899993979s: 'Monthly activity reports sent to all users.'
[2024-12-03 22:05:35,742: INFO/MainProcess] Task tasks.email_tasks.send_monthly_activity_reports[b1461d48-6fe1-48c3-b7eb-8710d2922a0b] received
[2024-12-03 22:05:35,854: INFO/ForkPoolWorker-7] Task tasks.email_tasks.send_monthly_activity_reports[b1461d48-6fe1-48c3-b7eb-8710d2922a0b] succeeded in 0.10910619400010546s: 'Monthly activity reports sent to all users.'
[2024-12-03 22:05:40,740: INFO/MainProcess] Task tasks.email_tasks.send_monthly_activity_reports[68a09bd1-722f-41f8-bfad-bff9e79f0c40] received
[2024-12-03 22:05:40,785: INFO/ForkPoolWorker-7] Task tasks.email_tasks.send_monthly_activity_reports[68a09bd1-722f-41f8-bfad-bff9e79f0c40] succeeded in 0.04309441000032166s: 'Monthly activity reports sent to all users.'
[2024-12-03 22:05:45,739: INFO/MainProcess] Task tasks.email_tasks.send_monthly_activity_reports[a1cf6206-0043-42f5-b168-329c1fb87f71] received
[2024-12-03 22:05:45,781: INFO/ForkPoolWorker-7] Task tasks.email_tasks.send_monthly_activity_reports[a1cf6206-0043-42f5-b168-329c1fb87f71] succeeded in 0.039206261999879644s: 'Monthly activity reports sent to all users.'
[2024-12-03 22:05:50,740: INFO/MainProcess] Task tasks.email_tasks.send_monthly_activity_reports[96e7ea18-a0f5-4c7b-919a-9a2df9233f8f] received
[2024-12-03 22:05:50,788: INFO/ForkPoolWorker-7] Task tasks.email_tasks.send_monthly_activity_reports[96e7ea18-a0f5-4c7b-919a-9a2df9233f8f] succeeded in 0.04518636200009496s: 'Monthly activity reports sent to all users.'
[2024-12-03 22:05:55,739: INFO/MainProcess] Task tasks.email_tasks.send_monthly_activity_reports[afc359b9-3ef6-4311-a2ff-4532bbde0b56] received
[2024-12-03 22:05:55,799: INFO/ForkPoolWorker-7] Task tasks.email_tasks.send_monthly_activity_reports[afc359b9-3ef6-4311-a2ff-4532bbde0b56] succeeded in 0.057545182000012574s: 'Monthly activity reports sent to all users.'
[2024-12-03 22:06:00,740: INFO/MainProcess] Task tasks.email_tasks.send_monthly_activity_reports[ab4c3fb4-dde2-4870-9685-f261704725c7] received
[2024-12-03 22:06:00,790: INFO/ForkPoolWorker-7] Task tasks.email_tasks.send_monthly_activity_reports[ab4c3fb4-dde2-4870-9685-f261704725c7] succeeded in 0.04866889100003391s: 'Monthly activity reports sent to all users.'
[2024-12-03 22:06:05,739: INFO/MainProcess] Task tasks.email_tasks.send_monthly_activity_reports[358a82bc-6d32-4b28-a4cd-e81d361e717f] received
[2024-12-03 22:06:05,784: INFO/ForkPoolWorker-7] Task tasks.email_tasks.send_monthly_activity_reports[358a82bc-6d32-4b28-a4cd-e81d361e717f] succeeded in 0.043069371999990835s: 'Monthly activity reports sent to all users.'
[2024-12-03 22:06:10,740: INFO/MainProcess] Task tasks.email_tasks.send_monthly_activity_reports[a22381d7-dfbc-451a-8794-ddc106676e0b] received
[2024-12-03 22:06:10,777: INFO/ForkPoolWorker-7] Task tasks.email_tasks.send_monthly_activity_reports[a22381d7-dfbc-451a-8794-ddc106676e0b] succeeded in 0.035578609999902255s: 'Monthly activity reports sent to all users.'
[2024-12-03 22:06:15,739: INFO/MainProcess] Task tasks.email_tasks.send_monthly_activity_reports[97e59e1b-1d74-4347-91d6-2f9450c764ed] received
[2024-12-03 22:06:15,773: INFO/ForkPoolWorker-7] Task tasks.email_tasks.send_monthly_activity_reports[97e59e1b-1d74-4347-91d6-2f9450c764ed] succeeded in 0.032531119999930525s: 'Monthly activity reports sent to all users.'
[2024-12-03 22:06:20,740: INFO/MainProcess] Task tasks.email_tasks.send_monthly_activity_reports[7f136105-3532-4c2a-8b90-985efb5f7b99] received
[2024-12-03 22:06:20,796: INFO/ForkPoolWorker-7] Task tasks.email_tasks.send_monthly_activity_reports[7f136105-3532-4c2a-8b90-985efb5f7b99] succeeded in 0.0543244099999356s: 'Monthly activity reports sent to all users.'
[2024-12-03 22:06:25,741: INFO/MainProcess] Task tasks.email_tasks.send_monthly_activity_reports[c7f33070-e7ca-417d-91b1-ebea39949108] received
[2024-12-03 22:06:25,809: INFO/ForkPoolWorker-7] Task tasks.email_tasks.send_monthly_activity_reports[c7f33070-e7ca-417d-91b1-ebea39949108] succeeded in 0.06450456999982634s: 'Monthly activity reports sent to all users.'
[2024-12-03 22:06:30,739: INFO/MainProcess] Task tasks.email_tasks.send_monthly_activity_reports[a9ceed3c-3be8-490c-b6b2-b83c334cb5b7] received
[2024-12-03 22:06:30,776: INFO/ForkPoolWorker-7] Task tasks.email_tasks.send_monthly_activity_reports[a9ceed3c-3be8-490c-b6b2-b83c334cb5b7] succeeded in 0.034444027000063215s: 'Monthly activity reports sent to all users.'
[2024-12-03 22:06:35,740: INFO/MainProcess] Task tasks.email_tasks.send_monthly_activity_reports[d4d9791a-9678-4866-806a-21d124e4b529] received
[2024-12-03 22:06:35,773: INFO/ForkPoolWorker-7] Task tasks.email_tasks.send_monthly_activity_reports[d4d9791a-9678-4866-806a-21d124e4b529] succeeded in 0.03254715599996416s: 'Monthly activity reports sent to all users.'
[2024-12-03 22:06:40,740: INFO/MainProcess] Task tasks.email_tasks.send_monthly_activity_reports[c58e947e-15dd-48f7-84c5-f9ae24ee5ced] received
[2024-12-03 22:06:40,793: INFO/ForkPoolWorker-7] Task tasks.email_tasks.send_monthly_activity_reports[c58e947e-15dd-48f7-84c5-f9ae24ee5ced] succeeded in 0.05049970900017797s: 'Monthly activity reports sent to all users.'
[2024-12-03 22:06:45,740: INFO/MainProcess] Task tasks.email_tasks.send_monthly_activity_reports[c26da067-360e-49f9-b3df-b29068617018] received
[2024-12-03 22:06:45,781: INFO/ForkPoolWorker-7] Task tasks.email_tasks.send_monthly_activity_reports[c26da067-360e-49f9-b3df-b29068617018] succeeded in 0.03920514399987951s: 'Monthly activity reports sent to all users.'
[2024-12-03 22:06:50,739: INFO/MainProcess] Task tasks.email_tasks.send_monthly_activity_reports[ccd8ac67-2256-4a99-965c-2c449959b649] received
[2024-12-03 22:06:50,773: INFO/ForkPoolWorker-7] Task tasks.email_tasks.send_monthly_activity_reports[ccd8ac67-2256-4a99-965c-2c449959b649] succeeded in 0.03228295799999614s: 'Monthly activity reports sent to all users.'
[2024-12-03 22:06:55,741: INFO/MainProcess] Task tasks.email_tasks.send_monthly_activity_reports[45c6935e-b20e-4046-8c51-1857c46dfb90] received
[2024-12-03 22:06:55,780: INFO/ForkPoolWorker-7] Task tasks.email_tasks.send_monthly_activity_reports[45c6935e-b20e-4046-8c51-1857c46dfb90] succeeded in 0.03665424900009384s: 'Monthly activity reports sent to all users.'
[2024-12-03 22:07:00,740: INFO/MainProcess] Task tasks.email_tasks.send_monthly_activity_reports[02f8eedf-793b-4b8f-bd2c-5f591a376086] received
[2024-12-03 22:07:00,782: INFO/ForkPoolWorker-7] Task tasks.email_tasks.send_monthly_activity_reports[02f8eedf-793b-4b8f-bd2c-5f591a376086] succeeded in 0.04000265499962552s: 'Monthly activity reports sent to all users.'
[2024-12-03 22:07:05,740: INFO/MainProcess] Task tasks.email_tasks.send_monthly_activity_reports[132439e4-7139-4951-8842-66dfff3035ab] received
[2024-12-03 22:07:05,778: INFO/ForkPoolWorker-7] Task tasks.email_tasks.send_monthly_activity_reports[132439e4-7139-4951-8842-66dfff3035ab] succeeded in 0.03525612599969463s: 'Monthly activity reports sent to all users.'
[2024-12-03 22:07:10,740: INFO/MainProcess] Task tasks.email_tasks.send_monthly_activity_reports[132a9e79-14f9-4df1-a7c2-3ce1fb2e6a8c] received
[2024-12-03 22:07:10,783: INFO/ForkPoolWorker-7] Task tasks.email_tasks.send_monthly_activity_reports[132a9e79-14f9-4df1-a7c2-3ce1fb2e6a8c] succeeded in 0.04044598199971006s: 'Monthly activity reports sent to all users.'
[2024-12-03 22:07:11,790: INFO/MainProcess] Task tasks.email_tasks.notify_professionals_of_pending_requests[327e82c2-2107-474b-938f-3d36ad5779e8] received
[2024-12-03 22:07:11,821: INFO/ForkPoolWorker-7] Task tasks.email_tasks.notify_professionals_of_pending_requests[327e82c2-2107-474b-938f-3d36ad5779e8] succeeded in 0.027565664000121615s: 'Emails sent to professionals with pending requests.'
[2024-12-03 22:07:15,740: INFO/MainProcess] Task tasks.email_tasks.send_monthly_activity_reports[4ff7d4fe-3fdc-4f5a-ace3-1d8ccb4765a2] received
[2024-12-03 22:07:15,776: INFO/ForkPoolWorker-7] Task tasks.email_tasks.send_monthly_activity_reports[4ff7d4fe-3fdc-4f5a-ace3-1d8ccb4765a2] succeeded in 0.035017548000269016s: 'Monthly activity reports sent to all users.'
[2024-12-03 22:07:20,739: INFO/MainProcess] Task tasks.email_tasks.send_monthly_activity_reports[bd96c9ef-bdc7-4892-8de2-abbafbea9bc9] received
[2024-12-03 22:07:20,780: INFO/ForkPoolWorker-7] Task tasks.email_tasks.send_monthly_activity_reports[bd96c9ef-bdc7-4892-8de2-abbafbea9bc9] succeeded in 0.039274796999961836s: 'Monthly activity reports sent to all users.'
[2024-12-03 22:07:25,740: INFO/MainProcess] Task tasks.email_tasks.send_monthly_activity_reports[2d03c0b0-9636-4d55-b578-feae9c455d1d] received
[2024-12-03 22:07:25,781: INFO/ForkPoolWorker-7] Task tasks.email_tasks.send_monthly_activity_reports[2d03c0b0-9636-4d55-b578-feae9c455d1d] succeeded in 0.03924928900005398s: 'Monthly activity reports sent to all users.'
[2024-12-03 22:07:30,747: INFO/MainProcess] Task tasks.email_tasks.send_monthly_activity_reports[fa4507d0-29f4-4921-a069-e32e5a92b852] received
[2024-12-03 22:07:30,784: INFO/ForkPoolWorker-7] Task tasks.email_tasks.send_monthly_activity_reports[fa4507d0-29f4-4921-a069-e32e5a92b852] succeeded in 0.03567834200021025s: 'Monthly activity reports sent to all users.'
[2024-12-03 22:07:35,747: INFO/MainProcess] Task tasks.email_tasks.send_monthly_activity_reports[ed10a3f7-cb89-4818-b748-53953ecc81e6] received
[2024-12-03 22:07:35,794: INFO/ForkPoolWorker-7] Task tasks.email_tasks.send_monthly_activity_reports[ed10a3f7-cb89-4818-b748-53953ecc81e6] succeeded in 0.04481816499992419s: 'Monthly activity reports sent to all users.'
[2024-12-03 22:07:40,747: INFO/MainProcess] Task tasks.email_tasks.send_monthly_activity_reports[e03a0554-e49c-411e-8ddd-c6c2fa26dba6] received
[2024-12-03 22:07:40,790: INFO/ForkPoolWorker-7] Task tasks.email_tasks.send_monthly_activity_reports[e03a0554-e49c-411e-8ddd-c6c2fa26dba6] succeeded in 0.04080858800034548s: 'Monthly activity reports sent to all users.'
[2024-12-03 22:07:45,749: INFO/MainProcess] Task tasks.email_tasks.send_monthly_activity_reports[fc17db2c-5084-4e7e-bdb4-3765065d58c0] received
[2024-12-03 22:07:45,800: INFO/ForkPoolWorker-7] Task tasks.email_tasks.send_monthly_activity_reports[fc17db2c-5084-4e7e-bdb4-3765065d58c0] succeeded in 0.04844427700027154s: 'Monthly activity reports sent to all users.'
[2024-12-03 22:07:50,747: INFO/MainProcess] Task tasks.email_tasks.send_monthly_activity_reports[06c9b386-d385-4c93-84ca-4393fc6140ca] received
[2024-12-03 22:07:50,809: INFO/ForkPoolWorker-7] Task tasks.email_tasks.send_monthly_activity_reports[06c9b386-d385-4c93-84ca-4393fc6140ca] succeeded in 0.059429219999856286s: 'Monthly activity reports sent to all users.'
[2024-12-03 22:07:55,747: INFO/MainProcess] Task tasks.email_tasks.send_monthly_activity_reports[4c628094-3dda-4949-9894-43c48fc53dcf] received
[2024-12-03 22:07:55,788: INFO/ForkPoolWorker-7] Task tasks.email_tasks.send_monthly_activity_reports[4c628094-3dda-4949-9894-43c48fc53dcf] succeeded in 0.03924685399988448s: 'Monthly activity reports sent to all users.'
[2024-12-03 22:08:00,748: INFO/MainProcess] Task tasks.email_tasks.send_monthly_activity_reports[0d7b87eb-0dd6-4d92-9b69-d92915e60047] received
[2024-12-03 22:08:00,794: INFO/ForkPoolWorker-7] Task tasks.email_tasks.send_monthly_activity_reports[0d7b87eb-0dd6-4d92-9b69-d92915e60047] succeeded in 0.04279198899985204s: 'Monthly activity reports sent to all users.'
[2024-12-03 22:08:05,748: INFO/MainProcess] Task tasks.email_tasks.send_monthly_activity_reports[b5dfd82d-09aa-49ae-8ca2-3d551cd35059] received
[2024-12-03 22:08:05,791: INFO/ForkPoolWorker-7] Task tasks.email_tasks.send_monthly_activity_reports[b5dfd82d-09aa-49ae-8ca2-3d551cd35059] succeeded in 0.041699511999922834s: 'Monthly activity reports sent to all users.'
[2024-12-03 22:08:10,747: INFO/MainProcess] Task tasks.email_tasks.send_monthly_activity_reports[5a9a8cf7-2aa7-46df-872e-e3260f4a5732] received
[2024-12-03 22:08:10,789: INFO/ForkPoolWorker-7] Task tasks.email_tasks.send_monthly_activity_reports[5a9a8cf7-2aa7-46df-872e-e3260f4a5732] succeeded in 0.039758453000104055s: 'Monthly activity reports sent to all users.'
[2024-12-03 22:08:15,747: INFO/MainProcess] Task tasks.email_tasks.send_monthly_activity_reports[284750c3-f6c8-400c-b59b-ae06e0f579a7] received
[2024-12-03 22:08:15,790: INFO/ForkPoolWorker-7] Task tasks.email_tasks.send_monthly_activity_reports[284750c3-f6c8-400c-b59b-ae06e0f579a7] succeeded in 0.0399159410003449s: 'Monthly activity reports sent to all users.'
[2024-12-03 22:08:20,747: INFO/MainProcess] Task tasks.email_tasks.send_monthly_activity_reports[1c9b245a-c523-4b96-b12f-0cbeb4cf0c0e] received
[2024-12-03 22:08:20,794: INFO/ForkPoolWorker-7] Task tasks.email_tasks.send_monthly_activity_reports[1c9b245a-c523-4b96-b12f-0cbeb4cf0c0e] succeeded in 0.0453567929998826s: 'Monthly activity reports sent to all users.'
[2024-12-03 22:08:25,748: INFO/MainProcess] Task tasks.email_tasks.send_monthly_activity_reports[72a0dc8f-381a-41db-87f7-5bdab4fdc023] received
[2024-12-03 22:08:25,790: INFO/ForkPoolWorker-7] Task tasks.email_tasks.send_monthly_activity_reports[72a0dc8f-381a-41db-87f7-5bdab4fdc023] succeeded in 0.04144300600000861s: 'Monthly activity reports sent to all users.'
[2024-12-03 22:08:30,747: INFO/MainProcess] Task tasks.email_tasks.send_monthly_activity_reports[f216ce58-7e1a-4fdb-b26e-1beeee7f46c3] received
[2024-12-03 22:08:30,792: INFO/ForkPoolWorker-7] Task tasks.email_tasks.send_monthly_activity_reports[f216ce58-7e1a-4fdb-b26e-1beeee7f46c3] succeeded in 0.04339358400011406s: 'Monthly activity reports sent to all users.'
[2024-12-03 22:08:35,747: INFO/MainProcess] Task tasks.email_tasks.send_monthly_activity_reports[0c3e3d56-96f3-4e13-b535-000899a9e519] received
[2024-12-03 22:08:35,787: INFO/ForkPoolWorker-7] Task tasks.email_tasks.send_monthly_activity_reports[0c3e3d56-96f3-4e13-b535-000899a9e519] succeeded in 0.03721057699976882s: 'Monthly activity reports sent to all users.'
[2024-12-03 22:08:40,748: INFO/MainProcess] Task tasks.email_tasks.send_monthly_activity_reports[d2efa8ad-5eb5-4d28-9f76-b3fc4c02dee2] received
[2024-12-03 22:08:40,793: INFO/ForkPoolWorker-7] Task tasks.email_tasks.send_monthly_activity_reports[d2efa8ad-5eb5-4d28-9f76-b3fc4c02dee2] succeeded in 0.04380656099965563s: 'Monthly activity reports sent to all users.'
[2024-12-03 22:08:45,748: INFO/MainProcess] Task tasks.email_tasks.send_monthly_activity_reports[d2436fad-a5bb-47ee-80a9-a491a7c814c9] received
[2024-12-03 22:08:45,802: INFO/ForkPoolWorker-7] Task tasks.email_tasks.send_monthly_activity_reports[d2436fad-a5bb-47ee-80a9-a491a7c814c9] succeeded in 0.05166509999980917s: 'Monthly activity reports sent to all users.'
[2024-12-03 22:08:50,747: INFO/MainProcess] Task tasks.email_tasks.send_monthly_activity_reports[ea8c3058-e8ab-4e92-8192-54465b610c22] received
[2024-12-03 22:08:50,793: INFO/ForkPoolWorker-7] Task tasks.email_tasks.send_monthly_activity_reports[ea8c3058-e8ab-4e92-8192-54465b610c22] succeeded in 0.04407658199988873s: 'Monthly activity reports sent to all users.'
[2024-12-03 22:08:55,747: INFO/MainProcess] Task tasks.email_tasks.send_monthly_activity_reports[415078be-9f25-45f2-ac77-6f16eb7fd4af] received
[2024-12-03 22:08:55,792: INFO/ForkPoolWorker-7] Task tasks.email_tasks.send_monthly_activity_reports[415078be-9f25-45f2-ac77-6f16eb7fd4af] succeeded in 0.0425925209997331s: 'Monthly activity reports sent to all users.'
[2024-12-03 22:09:00,748: INFO/MainProcess] Task tasks.email_tasks.send_monthly_activity_reports[152efce2-24ce-41d8-b4bd-64d785d2bc54] received
[2024-12-03 22:09:00,802: INFO/ForkPoolWorker-7] Task tasks.email_tasks.send_monthly_activity_reports[152efce2-24ce-41d8-b4bd-64d785d2bc54] succeeded in 0.05164496199995483s: 'Monthly activity reports sent to all users.'
[2024-12-03 22:09:05,747: INFO/MainProcess] Task tasks.email_tasks.send_monthly_activity_reports[ed80aa33-5e7e-42c0-af36-aff115cedc9a] received
[2024-12-03 22:09:05,795: INFO/ForkPoolWorker-7] Task tasks.email_tasks.send_monthly_activity_reports[ed80aa33-5e7e-42c0-af36-aff115cedc9a] succeeded in 0.04532400000016423s: 'Monthly activity reports sent to all users.'
[2024-12-03 22:09:10,747: INFO/MainProcess] Task tasks.email_tasks.send_monthly_activity_reports[3e66d0a5-031b-4449-aae3-ce6d28c145c7] received
[2024-12-03 22:09:10,784: INFO/ForkPoolWorker-7] Task tasks.email_tasks.send_monthly_activity_reports[3e66d0a5-031b-4449-aae3-ce6d28c145c7] succeeded in 0.03577483199978815s: 'Monthly activity reports sent to all users.'
[2024-12-03 22:09:15,747: INFO/MainProcess] Task tasks.email_tasks.send_monthly_activity_reports[dc0d4def-1c0d-443a-88d6-7419cb0fc643] received
[2024-12-03 22:09:15,779: INFO/ForkPoolWorker-7] Task tasks.email_tasks.send_monthly_activity_reports[dc0d4def-1c0d-443a-88d6-7419cb0fc643] succeeded in 0.03103697500000635s: 'Monthly activity reports sent to all users.'
[2024-12-03 22:09:20,747: INFO/MainProcess] Task tasks.email_tasks.send_monthly_activity_reports[3cb9786a-fbaa-423b-a580-b96ac30f6ede] received
[2024-12-03 22:09:20,786: INFO/ForkPoolWorker-7] Task tasks.email_tasks.send_monthly_activity_reports[3cb9786a-fbaa-423b-a580-b96ac30f6ede] succeeded in 0.03713736500003506s: 'Monthly activity reports sent to all users.'
[2024-12-03 22:09:25,747: INFO/MainProcess] Task tasks.email_tasks.send_monthly_activity_reports[a3e4a2d3-29d8-4957-a0d6-1585f8e6cd06] received
[2024-12-03 22:09:25,791: INFO/ForkPoolWorker-7] Task tasks.email_tasks.send_monthly_activity_reports[a3e4a2d3-29d8-4957-a0d6-1585f8e6cd06] succeeded in 0.04206276800005071s: 'Monthly activity reports sent to all users.'
[2024-12-03 22:09:30,748: INFO/MainProcess] Task tasks.email_tasks.send_monthly_activity_reports[32fb85ee-8fdd-448c-ab3d-8c81897ccda2] received
[2024-12-03 22:09:30,799: INFO/ForkPoolWorker-7] Task tasks.email_tasks.send_monthly_activity_reports[32fb85ee-8fdd-448c-ab3d-8c81897ccda2] succeeded in 0.04863378500022009s: 'Monthly activity reports sent to all users.'
[2024-12-03 22:09:35,748: INFO/MainProcess] Task tasks.email_tasks.send_monthly_activity_reports[d018945b-3d8e-4e66-8208-56dd25f5df63] received
[2024-12-03 22:09:35,799: INFO/ForkPoolWorker-7] Task tasks.email_tasks.send_monthly_activity_reports[d018945b-3d8e-4e66-8208-56dd25f5df63] succeeded in 0.048535755000102654s: 'Monthly activity reports sent to all users.'
[2024-12-03 22:09:40,748: INFO/MainProcess] Task tasks.email_tasks.send_monthly_activity_reports[8c16215b-f61f-4e64-b0c7-7572fea95b24] received
[2024-12-03 22:09:40,809: INFO/ForkPoolWorker-7] Task tasks.email_tasks.send_monthly_activity_reports[8c16215b-f61f-4e64-b0c7-7572fea95b24] succeeded in 0.05807280399994852s: 'Monthly activity reports sent to all users.'
[2024-12-03 22:09:41,790: INFO/MainProcess] Task tasks.email_tasks.notify_professionals_of_pending_requests[4dc5461e-3d25-4885-abf6-a8d1650c072e] received
[2024-12-03 22:09:41,834: INFO/ForkPoolWorker-7] Task tasks.email_tasks.notify_professionals_of_pending_requests[4dc5461e-3d25-4885-abf6-a8d1650c072e] succeeded in 0.04110389800007397s: 'Emails sent to professionals with pending requests.'
[2024-12-03 22:09:45,747: INFO/MainProcess] Task tasks.email_tasks.send_monthly_activity_reports[5a487fb8-d3c8-40e4-8bba-0869497632f4] received
[2024-12-03 22:09:45,795: INFO/ForkPoolWorker-7] Task tasks.email_tasks.send_monthly_activity_reports[5a487fb8-d3c8-40e4-8bba-0869497632f4] succeeded in 0.04571946800024307s: 'Monthly activity reports sent to all users.'
[2024-12-03 22:09:50,747: INFO/MainProcess] Task tasks.email_tasks.send_monthly_activity_reports[b201bf82-ee7f-4095-9c22-0704f996a81c] received
[2024-12-03 22:09:50,783: INFO/ForkPoolWorker-7] Task tasks.email_tasks.send_monthly_activity_reports[b201bf82-ee7f-4095-9c22-0704f996a81c] succeeded in 0.034392004999972414s: 'Monthly activity reports sent to all users.'
[2024-12-03 22:09:55,748: INFO/MainProcess] Task tasks.email_tasks.send_monthly_activity_reports[5e7132fa-0a8e-49e6-b611-2a2efffc766a] received
[2024-12-03 22:09:55,788: INFO/ForkPoolWorker-7] Task tasks.email_tasks.send_monthly_activity_reports[5e7132fa-0a8e-49e6-b611-2a2efffc766a] succeeded in 0.037414659000205575s: 'Monthly activity reports sent to all users.'
[2024-12-03 22:10:00,748: INFO/MainProcess] Task tasks.email_tasks.send_monthly_activity_reports[8377bbc7-1445-4426-8897-ed84e454b478] received
[2024-12-03 22:10:00,791: INFO/ForkPoolWorker-7] Task tasks.email_tasks.send_monthly_activity_reports[8377bbc7-1445-4426-8897-ed84e454b478] succeeded in 0.04101197999989381s: 'Monthly activity reports sent to all users.'
[2024-12-03 22:10:05,748: INFO/MainProcess] Task tasks.email_tasks.send_monthly_activity_reports[f65fe96e-a720-4340-b161-234c998bd844] received
[2024-12-03 22:10:05,789: INFO/ForkPoolWorker-7] Task tasks.email_tasks.send_monthly_activity_reports[f65fe96e-a720-4340-b161-234c998bd844] succeeded in 0.0403539539997837s: 'Monthly activity reports sent to all users.'
[2024-12-03 22:10:10,748: INFO/MainProcess] Task tasks.email_tasks.send_monthly_activity_reports[19e2ee7b-11c6-41c1-a6bb-be045e851e32] received
[2024-12-03 22:10:10,801: INFO/ForkPoolWorker-7] Task tasks.email_tasks.send_monthly_activity_reports[19e2ee7b-11c6-41c1-a6bb-be045e851e32] succeeded in 0.05115160700006527s: 'Monthly activity reports sent to all users.'
[2024-12-03 22:10:15,749: INFO/MainProcess] Task tasks.email_tasks.send_monthly_activity_reports[a09216f0-b295-4270-840e-501160f8ebbd] received
[2024-12-03 22:10:15,808: INFO/ForkPoolWorker-7] Task tasks.email_tasks.send_monthly_activity_reports[a09216f0-b295-4270-840e-501160f8ebbd] succeeded in 0.0563552419998814s: 'Monthly activity reports sent to all users.'
[2024-12-03 22:10:20,748: INFO/MainProcess] Task tasks.email_tasks.send_monthly_activity_reports[a4ddcbee-f798-4105-8c21-d2baa18b744e] received
[2024-12-03 22:10:20,795: INFO/ForkPoolWorker-7] Task tasks.email_tasks.send_monthly_activity_reports[a4ddcbee-f798-4105-8c21-d2baa18b744e] succeeded in 0.04501645100026508s: 'Monthly activity reports sent to all users.'
[2024-12-03 22:10:25,749: INFO/MainProcess] Task tasks.email_tasks.send_monthly_activity_reports[29e31059-1967-44a2-8e05-0846a2ff9e88] received
[2024-12-03 22:10:25,795: INFO/ForkPoolWorker-7] Task tasks.email_tasks.send_monthly_activity_reports[29e31059-1967-44a2-8e05-0846a2ff9e88] succeeded in 0.04448634200025481s: 'Monthly activity reports sent to all users.'
[2024-12-03 22:10:30,748: INFO/MainProcess] Task tasks.email_tasks.send_monthly_activity_reports[0b629d61-03d0-41a9-8b8e-6e4f1297f509] received
[2024-12-03 22:10:30,791: INFO/ForkPoolWorker-7] Task tasks.email_tasks.send_monthly_activity_reports[0b629d61-03d0-41a9-8b8e-6e4f1297f509] succeeded in 0.04047709699989355s: 'Monthly activity reports sent to all users.'
[2024-12-03 22:10:35,748: INFO/MainProcess] Task tasks.email_tasks.send_monthly_activity_reports[18ff0d18-faa8-4e30-9f73-c79fc74b0ad6] received
[2024-12-03 22:10:35,787: INFO/ForkPoolWorker-7] Task tasks.email_tasks.send_monthly_activity_reports[18ff0d18-faa8-4e30-9f73-c79fc74b0ad6] succeeded in 0.03632492699989598s: 'Monthly activity reports sent to all users.'
[2024-12-03 22:10:40,748: INFO/MainProcess] Task tasks.email_tasks.send_monthly_activity_reports[b7e86644-74ab-404b-aeef-993c316bcc18] received
[2024-12-03 22:10:40,792: INFO/ForkPoolWorker-7] Task tasks.email_tasks.send_monthly_activity_reports[b7e86644-74ab-404b-aeef-993c316bcc18] succeeded in 0.04170231500029331s: 'Monthly activity reports sent to all users.'
[2024-12-03 22:10:45,748: INFO/MainProcess] Task tasks.email_tasks.send_monthly_activity_reports[6823c563-715f-46f3-bf4f-d6b40e507f8f] received
[2024-12-03 22:10:45,782: INFO/ForkPoolWorker-7] Task tasks.email_tasks.send_monthly_activity_reports[6823c563-715f-46f3-bf4f-d6b40e507f8f] succeeded in 0.03234838900016257s: 'Monthly activity reports sent to all users.'
[2024-12-03 22:10:50,748: INFO/MainProcess] Task tasks.email_tasks.send_monthly_activity_reports[54b2304d-fe4d-45f9-b733-64f1547989c4] received
[2024-12-03 22:10:50,787: INFO/ForkPoolWorker-7] Task tasks.email_tasks.send_monthly_activity_reports[54b2304d-fe4d-45f9-b733-64f1547989c4] succeeded in 0.036819298999944294s: 'Monthly activity reports sent to all users.'
[2024-12-03 22:10:55,748: INFO/MainProcess] Task tasks.email_tasks.send_monthly_activity_reports[d1525714-5b4d-4dcb-a2ea-5c79c99efd2a] received
[2024-12-03 22:10:55,785: INFO/ForkPoolWorker-7] Task tasks.email_tasks.send_monthly_activity_reports[d1525714-5b4d-4dcb-a2ea-5c79c99efd2a] succeeded in 0.03510592700013149s: 'Monthly activity reports sent to all users.'
[2024-12-03 22:11:00,748: INFO/MainProcess] Task tasks.email_tasks.send_monthly_activity_reports[c46da65c-5280-494b-be13-b0ff2dd9ace7] received
[2024-12-03 22:11:00,807: INFO/ForkPoolWorker-7] Task tasks.email_tasks.send_monthly_activity_reports[c46da65c-5280-494b-be13-b0ff2dd9ace7] succeeded in 0.05770983000002161s: 'Monthly activity reports sent to all users.'
[2024-12-03 22:11:05,748: INFO/MainProcess] Task tasks.email_tasks.send_monthly_activity_reports[fbb0cdbe-82f2-49c3-83e1-35cfb27853e1] received
[2024-12-03 22:11:05,793: INFO/ForkPoolWorker-7] Task tasks.email_tasks.send_monthly_activity_reports[fbb0cdbe-82f2-49c3-83e1-35cfb27853e1] succeeded in 0.04337260200009041s: 'Monthly activity reports sent to all users.'
[2024-12-03 22:11:10,748: INFO/MainProcess] Task tasks.email_tasks.send_monthly_activity_reports[0734e5cf-a116-445a-a70f-e4cb4fe6d607] received
[2024-12-03 22:11:10,783: INFO/ForkPoolWorker-7] Task tasks.email_tasks.send_monthly_activity_reports[0734e5cf-a116-445a-a70f-e4cb4fe6d607] succeeded in 0.03258910600015952s: 'Monthly activity reports sent to all users.'
[2024-12-03 22:11:15,747: INFO/MainProcess] Task tasks.email_tasks.send_monthly_activity_reports[b8a2f3cf-8c7c-4ce6-993d-efdf950db292] received
[2024-12-03 22:11:15,783: INFO/ForkPoolWorker-7] Task tasks.email_tasks.send_monthly_activity_reports[b8a2f3cf-8c7c-4ce6-993d-efdf950db292] succeeded in 0.0343256700002712s: 'Monthly activity reports sent to all users.'
[2024-12-03 22:11:20,748: INFO/MainProcess] Task tasks.email_tasks.send_monthly_activity_reports[66d12eb5-ea58-42bf-bde1-9bad95a3ce6f] received
[2024-12-03 22:11:20,787: INFO/ForkPoolWorker-7] Task tasks.email_tasks.send_monthly_activity_reports[66d12eb5-ea58-42bf-bde1-9bad95a3ce6f] succeeded in 0.037314332999812905s: 'Monthly activity reports sent to all users.'
[2024-12-03 22:11:25,748: INFO/MainProcess] Task tasks.email_tasks.send_monthly_activity_reports[84655c9e-387f-479a-813a-33acead72476] received
[2024-12-03 22:11:25,789: INFO/ForkPoolWorker-7] Task tasks.email_tasks.send_monthly_activity_reports[84655c9e-387f-479a-813a-33acead72476] succeeded in 0.03832084500027122s: 'Monthly activity reports sent to all users.'
[2024-12-03 22:11:30,748: INFO/MainProcess] Task tasks.email_tasks.send_monthly_activity_reports[d62a7b65-f733-407f-9bb9-df04dadd496c] received
[2024-12-03 22:11:30,788: INFO/ForkPoolWorker-7] Task tasks.email_tasks.send_monthly_activity_reports[d62a7b65-f733-407f-9bb9-df04dadd496c] succeeded in 0.038651931999993394s: 'Monthly activity reports sent to all users.'
[2024-12-03 22:11:35,748: INFO/MainProcess] Task tasks.email_tasks.send_monthly_activity_reports[f12a899e-3021-4f69-80a0-d470730849ed] received
[2024-12-03 22:11:35,790: INFO/ForkPoolWorker-7] Task tasks.email_tasks.send_monthly_activity_reports[f12a899e-3021-4f69-80a0-d470730849ed] succeeded in 0.040062793000288366s: 'Monthly activity reports sent to all users.'
[2024-12-03 22:11:40,748: INFO/MainProcess] Task tasks.email_tasks.send_monthly_activity_reports[a4a9f111-1dff-499e-9e41-a6522f44552b] received
[2024-12-03 22:11:40,793: INFO/ForkPoolWorker-7] Task tasks.email_tasks.send_monthly_activity_reports[a4a9f111-1dff-499e-9e41-a6522f44552b] succeeded in 0.04309100899990881s: 'Monthly activity reports sent to all users.'
[2024-12-03 22:11:45,748: INFO/MainProcess] Task tasks.email_tasks.send_monthly_activity_reports[9b1124f5-8b61-44bb-b088-4617f2785348] received
[2024-12-03 22:11:45,787: INFO/ForkPoolWorker-7] Task tasks.email_tasks.send_monthly_activity_reports[9b1124f5-8b61-44bb-b088-4617f2785348] succeeded in 0.03688027399994098s: 'Monthly activity reports sent to all users.'
[2024-12-03 22:11:50,748: INFO/MainProcess] Task tasks.email_tasks.send_monthly_activity_reports[17548779-416f-4b61-be52-10dae0d0ff05] received
[2024-12-03 22:11:50,779: INFO/ForkPoolWorker-7] Task tasks.email_tasks.send_monthly_activity_reports[17548779-416f-4b61-be52-10dae0d0ff05] succeeded in 0.029895787999976164s: 'Monthly activity reports sent to all users.'
[2024-12-03 22:11:55,748: INFO/MainProcess] Task tasks.email_tasks.send_monthly_activity_reports[226518fd-641f-4527-80b4-3cf644ad2c2b] received
[2024-12-03 22:11:55,789: INFO/ForkPoolWorker-7] Task tasks.email_tasks.send_monthly_activity_reports[226518fd-641f-4527-80b4-3cf644ad2c2b] succeeded in 0.03852428200025315s: 'Monthly activity reports sent to all users.'
[2024-12-03 22:12:00,748: INFO/MainProcess] Task tasks.email_tasks.send_monthly_activity_reports[885d24b4-bc73-4cc5-a009-731ca727ccbe] received
[2024-12-03 22:12:00,780: INFO/ForkPoolWorker-7] Task tasks.email_tasks.send_monthly_activity_reports[885d24b4-bc73-4cc5-a009-731ca727ccbe] succeeded in 0.030057636000037746s: 'Monthly activity reports sent to all users.'
[2024-12-03 22:12:05,748: INFO/MainProcess] Task tasks.email_tasks.send_monthly_activity_reports[dc7d3a39-ffb9-4c3a-97a5-d88bb91aab45] received
[2024-12-03 22:12:05,784: INFO/ForkPoolWorker-7] Task tasks.email_tasks.send_monthly_activity_reports[dc7d3a39-ffb9-4c3a-97a5-d88bb91aab45] succeeded in 0.03411089700011871s: 'Monthly activity reports sent to all users.'
[2024-12-03 22:12:10,748: INFO/MainProcess] Task tasks.email_tasks.send_monthly_activity_reports[5e0bf1fd-71e6-4299-aa0c-a074a8bdc8d8] received
[2024-12-03 22:12:10,797: INFO/ForkPoolWorker-7] Task tasks.email_tasks.send_monthly_activity_reports[5e0bf1fd-71e6-4299-aa0c-a074a8bdc8d8] succeeded in 0.046823740000036196s: 'Monthly activity reports sent to all users.'
[2024-12-03 22:12:11,789: INFO/MainProcess] Task tasks.email_tasks.notify_professionals_of_pending_requests[f58a1eae-1489-44c7-89bf-5dc8905d50d1] received
[2024-12-03 22:12:11,814: INFO/ForkPoolWorker-7] Task tasks.email_tasks.notify_professionals_of_pending_requests[f58a1eae-1489-44c7-89bf-5dc8905d50d1] succeeded in 0.022947141000258853s: 'Emails sent to professionals with pending requests.'
[2024-12-03 22:12:15,748: INFO/MainProcess] Task tasks.email_tasks.send_monthly_activity_reports[a0b812b1-0e70-49c0-94c8-14ad67bb567d] received
[2024-12-03 22:12:15,785: INFO/ForkPoolWorker-7] Task tasks.email_tasks.send_monthly_activity_reports[a0b812b1-0e70-49c0-94c8-14ad67bb567d] succeeded in 0.03631770499987397s: 'Monthly activity reports sent to all users.'
[2024-12-03 22:12:20,748: INFO/MainProcess] Task tasks.email_tasks.send_monthly_activity_reports[862e3653-527d-414e-82cf-f59d5621c70c] received
[2024-12-03 22:12:20,785: INFO/ForkPoolWorker-7] Task tasks.email_tasks.send_monthly_activity_reports[862e3653-527d-414e-82cf-f59d5621c70c] succeeded in 0.0358143020002899s: 'Monthly activity reports sent to all users.'
[2024-12-03 22:12:25,749: INFO/MainProcess] Task tasks.email_tasks.send_monthly_activity_reports[05c750e9-e01f-42f1-9bb6-35fdceae7572] received
[2024-12-03 22:12:25,788: INFO/ForkPoolWorker-7] Task tasks.email_tasks.send_monthly_activity_reports[05c750e9-e01f-42f1-9bb6-35fdceae7572] succeeded in 0.03674518900015755s: 'Monthly activity reports sent to all users.'
[2024-12-03 22:12:30,749: INFO/MainProcess] Task tasks.email_tasks.send_monthly_activity_reports[391a07fb-8f1e-4f22-8a8c-f067fc39923e] received
[2024-12-03 22:12:30,784: INFO/ForkPoolWorker-7] Task tasks.email_tasks.send_monthly_activity_reports[391a07fb-8f1e-4f22-8a8c-f067fc39923e] succeeded in 0.033637666999766225s: 'Monthly activity reports sent to all users.'
[2024-12-03 22:12:35,748: INFO/MainProcess] Task tasks.email_tasks.send_monthly_activity_reports[9e39fff3-5af9-42d5-a93d-01c8189bf4cd] received
[2024-12-03 22:12:35,790: INFO/ForkPoolWorker-7] Task tasks.email_tasks.send_monthly_activity_reports[9e39fff3-5af9-42d5-a93d-01c8189bf4cd] succeeded in 0.039939231000062136s: 'Monthly activity reports sent to all users.'
[2024-12-03 22:12:40,748: INFO/MainProcess] Task tasks.email_tasks.send_monthly_activity_reports[f661aa30-7b7f-4d5f-8b80-b99c82f2c4c4] received
[2024-12-03 22:12:40,795: INFO/ForkPoolWorker-7] Task tasks.email_tasks.send_monthly_activity_reports[f661aa30-7b7f-4d5f-8b80-b99c82f2c4c4] succeeded in 0.04548550499976045s: 'Monthly activity reports sent to all users.'
[2024-12-03 22:12:45,748: INFO/MainProcess] Task tasks.email_tasks.send_monthly_activity_reports[84323680-abfa-416b-8842-d4a2edcca45e] received
[2024-12-03 22:12:45,793: INFO/ForkPoolWorker-7] Task tasks.email_tasks.send_monthly_activity_reports[84323680-abfa-416b-8842-d4a2edcca45e] succeeded in 0.04221017400004712s: 'Monthly activity reports sent to all users.'
[2024-12-03 22:12:50,749: INFO/MainProcess] Task tasks.email_tasks.send_monthly_activity_reports[593a6011-8b82-4522-9cd2-3ab2b68b1810] received
[2024-12-03 22:12:50,790: INFO/ForkPoolWorker-7] Task tasks.email_tasks.send_monthly_activity_reports[593a6011-8b82-4522-9cd2-3ab2b68b1810] succeeded in 0.038868371000262414s: 'Monthly activity reports sent to all users.'
[2024-12-03 22:12:55,748: INFO/MainProcess] Task tasks.email_tasks.send_monthly_activity_reports[19b3b9f9-9e84-4ece-a326-401187014e0b] received
[2024-12-03 22:12:55,795: INFO/ForkPoolWorker-7] Task tasks.email_tasks.send_monthly_activity_reports[19b3b9f9-9e84-4ece-a326-401187014e0b] succeeded in 0.044516918000226724s: 'Monthly activity reports sent to all users.'
[2024-12-03 22:13:00,748: INFO/MainProcess] Task tasks.email_tasks.send_monthly_activity_reports[931e5503-e9d8-4c37-b1f0-2486e4e820b7] received
[2024-12-03 22:13:00,789: INFO/ForkPoolWorker-7] Task tasks.email_tasks.send_monthly_activity_reports[931e5503-e9d8-4c37-b1f0-2486e4e820b7] succeeded in 0.03858079900010125s: 'Monthly activity reports sent to all users.'
[2024-12-03 22:13:05,748: INFO/MainProcess] Task tasks.email_tasks.send_monthly_activity_reports[d0706583-0310-44b4-946c-0fff4dc12098] received
[2024-12-03 22:13:05,791: INFO/ForkPoolWorker-7] Task tasks.email_tasks.send_monthly_activity_reports[d0706583-0310-44b4-946c-0fff4dc12098] succeeded in 0.040544442999816965s: 'Monthly activity reports sent to all users.'
[2024-12-03 22:13:10,748: INFO/MainProcess] Task tasks.email_tasks.send_monthly_activity_reports[d3a1b59f-e046-4eaf-ae27-cf16f665fa41] received
[2024-12-03 22:13:10,787: INFO/ForkPoolWorker-7] Task tasks.email_tasks.send_monthly_activity_reports[d3a1b59f-e046-4eaf-ae27-cf16f665fa41] succeeded in 0.03711784200004331s: 'Monthly activity reports sent to all users.'
[2024-12-03 22:13:15,748: INFO/MainProcess] Task tasks.email_tasks.send_monthly_activity_reports[424ad34c-29b8-40d9-9b0e-988ac7600fb6] received
[2024-12-03 22:13:15,786: INFO/ForkPoolWorker-7] Task tasks.email_tasks.send_monthly_activity_reports[424ad34c-29b8-40d9-9b0e-988ac7600fb6] succeeded in 0.03636756500009142s: 'Monthly activity reports sent to all users.'
[2024-12-03 22:13:20,749: INFO/MainProcess] Task tasks.email_tasks.send_monthly_activity_reports[6e1ecfa4-bea5-4dc8-8776-f966a750983c] received
[2024-12-03 22:13:20,784: INFO/ForkPoolWorker-7] Task tasks.email_tasks.send_monthly_activity_reports[6e1ecfa4-bea5-4dc8-8776-f966a750983c] succeeded in 0.033748412000022654s: 'Monthly activity reports sent to all users.'
[2024-12-03 22:13:25,749: INFO/MainProcess] Task tasks.email_tasks.send_monthly_activity_reports[5456b55d-73a4-48ed-a296-eddca7933527] received
[2024-12-03 22:13:25,790: INFO/ForkPoolWorker-7] Task tasks.email_tasks.send_monthly_activity_reports[5456b55d-73a4-48ed-a296-eddca7933527] succeeded in 0.03835324600004242s: 'Monthly activity reports sent to all users.'
[2024-12-03 22:13:30,748: INFO/MainProcess] Task tasks.email_tasks.send_monthly_activity_reports[6bec80e4-b7fe-4d19-adf7-f6eda5cc6e5f] received
[2024-12-03 22:13:30,785: INFO/ForkPoolWorker-7] Task tasks.email_tasks.send_monthly_activity_reports[6bec80e4-b7fe-4d19-adf7-f6eda5cc6e5f] succeeded in 0.03566355900011331s: 'Monthly activity reports sent to all users.'
